-- -----------------------------------------------------
-- SQL - DML
-- -----------------------------------------------------

-- -----------------------------------------------------
-- Aprendendo INSERT INTO
-- -----------------------------------------------------

insert into funcionario (cpf, nome, nomeSocial, email, sexo, estadoCivil, dataNasc, ch,
	salario, comissao, dataAdm, dataDem)
    values ("123.456.789-01", "Juliane Reis", null, "juliane.reis@gmail.com", 'F',"Solteira", '1996-03-18', 40, 3345.65, 1200.00, '2021-02-05 08:00:00', null),
	("123.456.789-02", "Diego Queiroz", null, "diego.queiroz@gmail.com", 'M',"Casado", '1984-06-16', 40, 3145.65, 800.00, '2019-06-08 08:00:00', null),
	("123.456.789-03", "Beatriz Nader", null, "beatriz.nader@gmail.com", 'F',"Viuva", '2000-06-03', 40, 1845.65, 500.00, '2020-03-05 09:00:00', null),
	("123.456.789-04", "Carlos Campos", null, "carlos.campos@gmail.com", 'M',"Solteiro", '1992-02-19', 40, 5845.50, 1500.00, '2018-08-02 12:00:00', null),
	("111.222.333-44", "João Silva", null, "joao.silva@gmail.com", 'M', "Solteiro", '1990-05-12', 40, 3000.00, 500.00, '2021-01-10 09:30:00', null),
    ("222.333.444-55", "Maria Santos", null, "maria.santos@gmail.com", 'F', "Casada", '1988-07-20', 40, 2500.00, 400.00, '2019-12-05 08:15:00', null),
    ("333.444.555-66", "Pedro Lima", null, "pedro.lima@gmail.com", 'M', "Solteiro", '1995-09-03', 40, 4000.00, 1000.00, '2020-08-17 14:45:00', null),
    ("444.555.666-77", "Ana Pereira", null, "ana.pereira@gmail.com", 'F', "Divorciada", '1982-03-28', 40, 3500.00, 700.00, '2017-05-22 10:00:00', null),
    ("555.666.777-88", "Fernando Costa", null, "fernando.costa@gmail.com", 'M', "Casado", '1987-11-10', 40, 2800.00, 300.00, '2018-09-28 12:30:00', null),
    ("666.777.888-99", "Laura Oliveira", null, "laura.oliveira@gmail.com", 'F', "Solteira", '1993-12-18', 40, 3200.00, 600.00, '2019-06-15 11:45:00', null),
    ("777.888.999-00", "Ricardo Almeida", null, "ricardo.almeida@gmail.com", 'M', "Casado", '1979-02-06', 40, 5000.00, 1200.00, '2016-11-20 09:00:00', null),
    ("888.999.000-11", "Carolina Moraes", null, "carolina.moraes@gmail.com", 'F', "Solteira", '1991-08-14', 40, 3800.00, 800.00, '2020-03-12 15:20:00', null),
    ("999.000.111-22", "Gabriel Santos", null, "gabriel.santos@gmail.com", 'M', "Divorciado", '1985-06-01', 40, 4200.00, 900.00, '2017-08-05 13:10:00', null),
    ("000.111.222-33", "Mariana Costa", null, "mariana.costa@gmail.com", 'F', "Casada", '1977-10-25', 40, 4500.00, 1500.00, '2018-04-30 08:45:00', null),
    ("251.547.698-01", "Luiz Oliveira", null, "luiz.oliveira@email.com", 'M', "Solteiro", '1990-06-14', 38, 4200.00, 1100.00, '2020-03-08 09:30:00', null),
    ("214.234.284-23", "Carolina Santos", null, "carolina.santos@email.com", 'F', "Divorciada", '1983-09-25', 37, 3800.00, 900.00, '2019-11-15 08:45:00', null),
    ("784.345.810-34", "Eduardo Pereira", null, "eduardo.pereira@email.com", 'M', "Casado", '1987-02-12', 40, 4500.00, 1200.00, '2021-02-20 10:00:00', null),
    ("987.654.321-10", "Jefersson jose", null,  "jefferson.motoboy@gmail.com", 'M', "Casado", '1990-02-02', 40, 1600.00, 500.00, '2021-02-20 10:00:00', null );

insert into enderecofunc (Funcionario_cpf, uf, cidade, bairro, rua, numero, comp, cep)
	values ("444.555.666-77", 'PE', "Recife", "Afogados", "Rua Molhada", 81, null, "55641-100"),
    ("123.456.789-03", 'PE', "Recife", "Boa vista", "Rua Dom bosco", 1000, "Ap 1204", "55070-100"),
    ("123.456.789-04", 'PE', "Recife", "Arruda", "Rua do machado", 876, "Casa B", "55065-120"),
    ("888.999.000-11", 'PE', "Recife", "Boa Viagem", "Avenida Conselheiro Aguiar", 1234, "Ap 1502", "51020-300"),
    ("123.456.789-02", 'PE', "Recife", "Madalena", "Rua da Paz", 456, null, "50720-030"),
    ("555.666.777-88", 'PE', "Recife", "Casa Forte", "Rua das Flores", 789, null, "52060-010"),
    ("999.000.111-22", 'PE', "Recife", "Pina", "Avenida Boa Viagem", 987, "Ap 502", "51111-000"),
    ("111.222.333-44", 'PE', "Recife", "Graças", "Rua das Acácias", 321, "Casa A", "52011-230"),
    ("123.456.789-01", 'PE', "Recife", "Espinheiro", "Avenida Rosa e Silva", 654, "Ap 802", "52020-210"),
    ("666.777.888-99", 'PE', "Recife", "Torre", "Rua da Torre", 222, null, "50710-001"),
    ("222.333.444-55", 'PE', "Recife", "Santo Antônio", "Rua do Príncipe", 777, null, "50010-090"),
    ("000.111.222-33", 'PE', "Recife", "Encruzilhada", "Avenida Beira Rio", 111, "Ap 501", "52041-000"),
    ("333.444.555-66", 'PE', "Olinda", "Bairro Novo", "Rua do assalto", 123, "Ap 1501", "52041-000"),
    ("777.888.999-00", 'PE', "Olinda", "Ouro Preto", "Beco da facada", 345, "Ap 1602", "52041-000"),
    ('251.547.698-01', 'PE', 'Recife', 'Graças', 'Avenida das Graças', '567', 'Casa 23', '52011-023'),
    ('214.234.284-23', 'PE', 'Recife', 'Boa Vista', 'Rua da Boa Vista', '456', 'Sala 24', '50070-024'),
	('784.345.810-34', 'PE', 'Recife', 'Ipsep', 'Rua do Ipsep', '345', 'Apto 25', '51350-025'),
    ("987.654.321-10",'PE', 'Recife', 'Ipsep', 'Rua da paz', '15', 'casa b', '51350-520');


insert into dependente (cpf, nome, parentesco, dataNasc, Funcionario_cpf)
	values ("111.366.444-58", "Rosagela Nader", "Filha", '2020-08-09', "123.456.789-03"),
    ("111.366.444-44", "Joaquim Nader", "Filho", '2018-09-07', "123.456.789-03"),
    ("222.366.444-58", "Danilo Queiroz", "Filho", '2021-12-24', "123.456.789-03"),
    ("333.366.444-58", "Camila Campos", "Filha", '2019-05-14', "123.456.789-04"),
    ("444.366.444-58", "Rafaela Moraes", "Filha", '2022-01-31', "888.999.000-11"),
    ("555.366.444-58", "Pedro Moraes", "Filho", '2017-11-20', "888.999.000-11"),
    ("666.366.444-58", "Marina Santos", "Filha", '2020-03-10', "999.000.111-22"),
    ("777.366.444-58", "Lucas Santos", "Filho", '2018-07-02', "999.000.111-22"),
    ("888.366.444-58", "Mariana Silva", "Filha", '2023-02-15', "111.222.333-44"),
    ("999.366.444-58", "Isabela Reis", "Filha", '2020-09-18', "123.456.789-01"),
    ("000.366.444-58", "Rodrigo Reis", "Filho", '2019-04-25', "123.456.789-01"),
    ("111.366.444-22", "Carolina Oliveira", "Filha", '2017-12-01', "666.777.888-99"),
    ("222.366.444-22", "Matheus Costa", "Filho", '2018-06-11', "000.111.222-33"),
    ("333.366.444-22", "Letícia Costa", "Filha", '2021-03-05', "000.111.222-33"),
    ("444.366.444-22", "Gabriel Costa", "Filho", '2020-10-27', "000.111.222-33"),
    ("555.366.444-22", "Lara Lima", "Filha", '2019-09-02', "333.444.555-66"),
    ("666.366.444-22", "Gustavo Almeida", "Filho", '2018-04-14', "777.888.999-00"),
    ("777.366.444-22", "Sophia Almeida", "Filha", '2021-01-08', "777.888.999-00"),
    ("888.366.444-22", "Ricardo Almeida", "Filho", '2017-08-23', "777.888.999-00"),
    ("999.366.444-22", "Julia Queiroz", "Filha", '2023-06-07', "123.456.789-02");
    
INSERT INTO ferias (dataInicio, dataFim, qtdDias, anoRef, Funcionario_cpf)
VALUES 
    ('2020-01-01', '2020-01-29', 30, 2019, "444.555.666-77"),
    ('2020-02-01', '2020-02-14', 15, 2019, "123.456.789-03"),
    ('2020-06-01', '2021-06-30', 30, 2020, "123.456.789-04"),
    ('2020-07-01', '2020-07-30', 30, 2019, "888.999.000-11"),
    ('2020-08-01', '2021-01-31', 30, 2020, "123.456.789-02"),
    ('2020-09-01', '2020-09-30', 30, 2019, "555.666.777-88"),
    ('2020-10-01', '2021-01-31', 30, 2020, "999.000.111-22"),
    ('2020-11-01', '2020-11-30', 30, 2019, "111.222.333-44"),
    ('2020-12-01', '2021-05-31', 30, 2020, "123.456.789-01"),
    ('2021-01-01', '2021-01-31', 30, 2019, "666.777.888-99"),
    ('2021-02-01', '2021-07-31', 30, 2020, "222.333.444-55"),
    ('2021-03-01', '2021-03-31', 30, 2019, "000.111.222-33"),
    ('2021-04-01', '2021-09-30', 30, 2020, "333.444.555-66"),
    ('2021-05-01', '2021-05-31', 30, 2019, "777.888.999-00");

INSERT INTO cargo (cbo, nome, faixaSalario)
	VALUES
		(223405, 'Farmacêutico', 4500),
		(515210, 'Auxiliar de farmácia', 4500),
		(322105, 'Técnico em Farmácia', 3000),
		(521110, 'Balconista de Farmácia', 2000),
		(223410, 'Farmacêutico de Dispensação', 4000),
		(325110, 'Técnico em Farmácia Hospitalar', 3500),
		(521115, 'Atendente de Farmácia', 1800),
		(223415, 'Farmacêutico Clínico', 5000),
		(325115, 'Técnico em Farmácia de Manipulação', 3200),
		(223420, 'Farmacêutico Industrial', 4800),
        (226302, 'motoboy', 1600);

INSERT INTO departamento (nome, `local`, email, Gerente_cpf)
	VALUES
		("Frente de loja", "Balcão", "frente.loja@famaciaze.com.br", "777.888.999-00"),
		("Atendimento Financeiro", "Caixas", "finaceiro@famaciaze.com.br", "999.000.111-22"),
         ("Atendimento Clínico", "Sala de Atendimento", "clinica@famaciaze.com.br", "000.111.222-33"),
        ("Reposição", "Estoque", "estoque@famaciaze.com.br", "333.444.555-66"),
        ("Administrativo", "Sala Admnistrativo", "adm@famaciaze.com.br", "123.456.789-02"),
        ('Entregas', 'fente de loja', 'motoboy.entregas@famaciaze.com.br', null);

INSERT INTO trabalhar (Funcionario_cpf, Cargo_cbo, Departamento_idDepartamento)
	VALUES
		("777.888.999-00", 521110 , 1),
        ("999.000.111-22", 521115 , 2),
        ("333.444.555-66", 515210 , 3),
        ("000.111.222-33", 223415 , 4),
        ("123.456.789-02", 223405 , 5),
		('444.555.666-77', 521110, 1),
		('123.456.789-03', 521115, 2),
		('123.456.789-04', 515210, 3),
		('888.999.000-11', 223415, 4),
		('555.666.777-88', 223405, 5),
		('111.222.333-44', 521110, 1),
		('123.456.789-01', 521115, 2),
		('666.777.888-99', 515210, 3),
		('222.333.444-55', 223415, 4),
		('888.999.000-11', 223415, 1),
		('555.666.777-88', 223405, 1),
		('666.777.888-99', 515210, 2),
		("251.547.698-01",515210, 1 ),
		("214.234.284-23",515210, 1),
		("784.345.810-34", 521115, 2),
        ('987.654.321-10',226302, 6);
        
       
INSERT INTO cliente (cpf, nome, sexo, email, telefone, dataNasc)
values('123.456.789-01', 'Lucas Silva', 'M', 'lucas.silva@gmail.com', '(81) 98765-4321', '1990-03-15'),
('234.567.890-12', 'Maria Santos', 'F', 'maria.santos@yahoo.com', '(81) 98765-4322', '1985-07-20'),
('345.678.901-23', 'Pedro Oliveira', 'M', 'pedro.oliveira@hotmail.com', '(81) 98765-4323', '1992-11-10'),
('456.789.012-34', 'Ana Costa', 'F', 'ana.costa@gmail.com', '(81) 98765-4324', '1988-05-03'),
('567.890.123-45', 'Rafael Pereira', 'M', 'rafael.pereira@outlook.com', '(81) 98765-4325', '1996-09-25'),
('678.901.234-56', 'Juliana Souza', 'F', 'juliana.souza@gmail.com', '(81) 98765-4326', '1983-02-12'),
('789.012.345-67', 'Matheus Rodrigues', 'M', 'matheus.rodrigues@yahoo.com', '(81) 98765-4327', '1991-12-30'),
('890.123.456-78', 'Camila Martins', 'F', 'camila.martins@hotmail.com', '(81) 98765-4328', '1987-08-14'),
('901.234.567-89', 'Gustavo Ferreira', 'M', 'gustavo.ferreira@gmail.com', '(81) 98765-4329', '1980-06-07'),
('012.345.678-90', 'Larissa Almeida', 'F', 'larissa.almeida@yahoo.com', '(81) 98765-4330', '1995-04-23'),
('987.654.321-09', 'Gabriel Carvalho', 'M', 'gabriel.carvalho@gmail.com', '(81) 98765-4331', '1979-11-19'),
('876.543.210-98', 'Isabela Gomes', 'F', 'isabela.gomes@yahoo.com', '(81) 98765-4332', '1982-10-05'),
('765.432.109-87', 'Filipe Cardoso', 'M', 'felipe.cardoso@hotmail.com', '(81) 98765-4333', '1993-07-01'),
('654.321.098-76', 'Bruna Ramos', 'F', 'bruna.ramos@gmail.com', '(81) 98765-4334', '1986-04-10'),
('543.210.987-65', 'João Pereira', 'M', 'joao.pereira@yahoo.com', '(81) 98765-4335', '1980-08-27'),
('432.109.876-54', 'Amanda Castro', 'F', 'amanda.castro@hotmail.com', '(81) 98765-4336', '1983-03-15'),
('321.098.765-43', 'Thiago Santos', 'M', 'thiago.santos@gmail.com', '(81) 98765-4337', '1976-09-01'),
('210.987.654-32', 'Laura Barbosa', 'F', 'laura.barbosa@yahoo.com', '(81) 98765-4338', '1992-05-11'),
('109.876.543-21', 'André Costa', 'M', 'andre.costa@hotmail.com', '(81) 98765-4339', '1987-04-20'),
('098.765.432-10', 'Carol Lima', 'F', 'carolina.lima@gmail.com', '(81) 98765-4340', '1995-01-12'),
('531.642.789-53', 'Marcelo Santos', 'M', 'marcelo.santos@yahoo.com', '(81) 98765-4341', '1984-07-30'),
('247.369.805-78', 'Luana Rodrigues', 'F', 'luana.rodrigues@hotmail.com', '(81) 98765-4342', '2000-10-18'),
('698.713.420-98', 'Danilo Almeida', 'M', 'daniel.almeida@gmail.com', '(81) 98765-4343', '1998-09-23'),
('856.192.347-60', 'Luiza Oliveira', 'F', 'luiza.oliveira@yahoo.com', '(81) 98765-4344', '1996-12-10'),
('123.654.987-05', 'Bruno Mendes', 'M', 'bruno.mendes@hotmail.com', '(81) 98765-4345', '1989-04-02'),
('708.914.362-59', 'Vitória Silva', 'F', 'vitória.silva@gmail.com', '(81) 98765-4346', '1993-06-06'),
('631.489.720-64', 'Rodrigo Souza', 'M', 'rodrigo.sousa@yahoo.com', '(81) 98765-4347', '1982-11-05'),
('239.857.614-32', 'Sofia Gonçalves', 'F', 'sofia.goncalves@hotmail.com', '(81) 98765-4348', '1986-03-24'),
('564.312.978-40', 'Lucas Fonseca', 'M', 'lucas.fonseca@gmail.com', '(81) 98765-4349', '1990-09-15'),
('971.203.846-25', 'Isabella Martins', 'F', 'isabella.martins@yahoo.com', '(81) 98765-4350', '1995-07-04'),
('398.752.164-79', 'Eduardo Pereira', 'M', 'eduardo.pereira@hotmail.com', '(81) 98765-4351', '1984-06-13'),
('547.836.291-04', 'Letícia Lima', 'F', 'leticia.lima@gmail.com', '(81) 98765-4352', '1986-08-07'),
('180.726.935-24', 'Guilherme Ribeiro', 'M', 'william.ribeiro@yahoo.com', '(81) 98765-4353', '1980-05-25'),
('635.792.418-07', 'Natália Carvalho', 'F', 'natalia.carvalho@hotmail.com', '(81) 98765-4354', '1991-04-18'),
('925.047.186-32', 'Guilherme Souza', 'M', 'guilherme.sousa@gmail.com', '(81) 98765-4355', '1992-03-26'),
('416.890.753-28', 'Manuela Ferreira', 'F', 'manuela.ferreira@yahoo.com', '(81) 98765-4356', '1983-09-22'),
('372.849.610-25', 'Leonardo Oliveira', 'M', 'leonardo.oliveira@hotmail.com', '(81) 98765-4357', '1977-12-25'),
('264.013.978-54', 'Marina Barbosa', 'F', 'marina.barbosa@gmail.com', '(81) 98765-4358', '1994-02-17'),
('810.367.924-53', 'André Luiz Silva', 'M', 'andre.luiz.silva@yahoo.com', '(81) 98765-4359', '1989-08-03'),
('189.576.342-09', 'Júlia Santos', 'F', 'julia.santos@hotmail.com', '(81) 98765-4360', '1996-07-20'),
('356.208.479-21', 'Vitor Rodrigues', 'M', 'victor.rodrigues@gmail.com', '(81) 98765-4361', '1997-04-18'),
('742.519.630-84', 'Beatriz Almeida', 'F', 'beatriz.almeida@yahoo.com', '(81) 98765-4362', '1985-12-10'),
('964.128.537-01', 'Rafaela Costa', 'M', 'rafaela.costa@hotmail.com', '(81) 98765-4363', '1986-05-27'),
('527.819.364-02', 'Diego Oliveira', 'F', 'diego.oliveira@gmail.com', '(81) 98765-4364', '1993-09-11'),
('610.893.472-85', 'Ana Clara Pereira', 'M', 'ana.clara.pereira@yahoo.com', '(81) 98765-4365', '1992-04-15'),
('369.247.508-16', 'Lucas Pereira', 'F', 'lucas.pereira@hotmail.com', '(81) 98765-4366', '1984-12-28'),
('238.107.956-74', 'Ana Luiza Silva', 'M', 'ana.luiza.silva@gmail.com', '(81) 98765-4367', '1993-03-21'),
('407.891.623-45', 'Gustavo Mendes', 'F', 'gustavo.mendes@yahoo.com', '(81) 98765-4368', '1991-07-09'),
('981.765.342-67', 'Amanda Carvalho', 'M', 'amanda.carvalho@hotmail.com', '(81) 98765-4369', '1986-10-11'),
('735.496.281-04', 'Matheus Fernandes', 'F', 'matheus.fernandes@gmail.com', '(81) 98765-4370', '1995-06-04'),
('614.207.985-23', 'Maria Eduarda Lima', 'M', 'maria.eduarda.lima@yahoo.com', '(81) 98765-4371', '1987-08-22'),
('592.630.184-75', 'Caio Martins', 'F', 'caio.martins@hotmail.com', '(81) 98765-4372', '1990-09-19'),
('248.159.763-05', 'Fernanda Santos', 'M', 'fernanda.santos@gmail.com', '(81) 98765-4373', '1982-11-13'),
('630.875.419-32', 'João Victor Ribeiro', 'F', 'joao.victor.ribeiro@yahoo.com', '(81) 98765-4374', '1993-02-25'),
('964.217.358-09', 'Laura Rodrigues', 'M', 'laura.rodrigues@hotmail.com', '(81) 98765-4375', '1989-07-07'),
('530.972.486-71', 'Pedro Henrique Souza', 'F', 'pedro.henrique.souza@gmail.com', '(81) 98765-4376', '1996-05-12'),
('784.310.692-57', 'Larisa Gomes', 'M', 'larissa.gomes@yahoo.com', '(81) 98765-4377', '1981-03-18'),
('372.465.819-04', 'Vinícius Almeida', 'F', 'vinicius.almeida@hotmail.com', '(81) 98765-4378', '1988-09-14'),
('625.497.183-60', 'Giovanna Carvalho', 'M', 'giovanna.carvalho@gmail.com', '(81) 98765-4379', '1994-04-28'),
('819.632.704-58', 'André Felipe Ferreira', 'F', 'andre.felipe.ferreira@yahoo.com', '(81) 98765-4380', '1992-10-30'),
('247.816.593-04', 'Mariana Lima', 'M', 'mariana.lima@hotmail.com', '(81) 98765-4381', '1985-12-03'),
('596.134.720-84', 'José Carlos Silva', 'F', 'jose.carlos.silva@gmail.com', '(81) 98765-4382', '1987-11-09'),
('437.028.961-75', 'Eduardo Sousa', 'M', 'eduarda.sousa@yahoo.com', '(81) 98765-4383', '1990-06-17'),
('980.572.346-01', 'Ricardo Castro', 'F', 'ricardo.castro@hotmail.com', '(81) 98765-4384', '1986-09-21'),
('362.481.759-04', 'Gabriela Oliveira', 'M', 'gabriela.oliveira@gmail.com', '(81) 98765-4385', '1983-07-14'),
('714.298.365-07', 'Henrique Barbosa', 'F', 'henrique.barbosa@yahoo.com', '(81) 98765-4386', '1991-02-27'),
('816.407.932-54', 'Isadora Santos', 'M', 'isadora.santos@hotmail.com', '(81) 98765-4387', '1993-04-14'),
('295.684.713-60', 'Rafaela Fernandes', 'F', 'rafaela.fernandes@gmail.com', '(81) 98765-4388', '1990-07-26'),
('732.156.849-70', 'João Gabriel Almeida', 'M', 'joao.gabriel.almeida@yahoo.com', '(81) 98765-4389', '1995-02-09'),
('481.503.276-98', 'Clara Costa', 'F', 'clara.costa@hotmail.com', '(81) 98765-4390', '1989-09-30'),
('950.381.726-43', 'Carlos Eduardo Rodrigues', 'M', 'carlos.eduardo.rodrigues@gmail.com', '(81) 98765-4391', '1986-11-22'),
('364.198.527-01', 'Valentina Pereira', 'F', 'valentina.pereira@yahoo.com', '(81) 98765-4392', '1992-05-17'),
('872.964.350-21', 'Gabriel Oliveira', 'M', 'gabriel.oliveira@hotmail.com', '(81) 98765-4393', '1987-08-31'),
('514.602.987-36', 'Letícia Carvalho', 'F', 'letícia.carvalho@gmail.com', '(81) 98765-4394', '1993-03-05'),
('379.461.825-04', 'Thiago Sousa', 'M', 'thiago.sousa@yahoo.com', '(81) 98765-4395', '1990-01-14'),
('206.835.971-84', 'Bruna Lima', 'F', 'bruna.lima@hotmail.com', '(81) 98765-4396', '1991-12-11'),
('951.624.730-84', 'Matheus Gomes', 'M', 'mateus.gomes@gmail.com', '(81) 98765-4397', '1988-06-25'),
('827.503.916-48', 'Ana Beatriz Barbosa', 'F', 'ana.beatriz.barbosa@yahoo.com', '(81) 98765-4398', '1995-03-28'),
('604.389.721-54', 'Felipe Souza', 'M', 'felipe.souza@hotmail.com', '(81) 98765-4399', '1984-02-19'),
('413.762.895-07', 'Sophia Silva', 'F', 'sophia.silva@gmail.com', '(81) 98765-4400', '1987-10-07'),
('765.149.283-60', 'Lucas Castro', 'M', 'lucas.castro@yahoo.com', '(81) 98765-4401', '1992-09-10'),
('896.235.417-80', 'Heloísa Santos', 'F', 'heloisa.santos@hotmail.com', '(81) 98765-4402', '1996-08-03'),
('542.738.691-07', 'Rodrigo Costa', 'M', 'rodrigo.costa@gmail.com', '(81) 98765-4403', '1981-07-24'),
('319.874.206-58', 'Giovanna Almeida', 'F', 'giovanna.almeida@yahoo.com', '(81) 98765-4404', '1990-04-06'),
('768.320.495-18', 'André Luis Mendes', 'M', 'andre.luis.mendes@hotmail.com', '(81) 98765-4405', '1986-12-15'),
('624.987.130-54', 'Amanda Ribeiro', 'F', 'amanda.ribeiro@gmail.com', '(81) 98765-4406', '1988-03-27'),
('413.795.268-02', 'Gabriel Ferreira', 'M', 'gabriel.ferreira@yahoo.com', '(81) 98765-4407', '1994-02-08'),
('278.643.915-60', 'Manuela Carvalho', 'F', 'manuela.carvalho@hotmail.com', '(81) 98765-4408', '1991-11-02'),
('859.421.736-04', 'Diego Barbosa', 'M', 'diego.barbosa@gmail.com', '(81) 98765-4409', '1989-05-14'),
('956.710.348-27', 'Laura Pereira', 'F', 'laura.pereira@yahoo.com', '(81) 98765-4410', '1985-08-18'),
('431.298.765-09', 'Daniel Rodrigues', 'M', 'daniel.rodrigues@hotmail.com', '(81) 98765-4411', '1993-06-23'),
('708.654.312-98', 'Melissa Oliveira', 'F', 'melissa.oliveira@gmail.com', '(81) 98765-4412', '1986-04-10'),
('195.864.732-06', 'Matheus Carvalho', 'M', 'matheus.carvalho@yahoo.com', '(81) 98765-4413', '1997-01-05'),
('327.915.684-02', 'Isabela Souza', 'F', 'isabela.souza@hotmail.com', '(81) 98765-4414', '1994-09-30'),
('986.321.574-09', 'Gustavo Martins', 'M', 'gustavo.martins@gmail.com', '(81) 98765-4415', '1983-03-17'),
('745.183.962-08', 'Camila Pereira', 'F', 'camila.pereira@yahoo.com', '(81) 98765-4416', '1992-12-08'),
('856.421.739-06', 'Lucas Ribeiro', 'M', 'lucas.ribeiro@hotmail.com', '(81) 98765-4417', '1987-01-31'),
('324.709.856-19', 'Juliana Costa', 'F', 'juliana.costa@gmail.com', '(81) 98765-4418', '1990-10-20'),
('693.247.518-04', 'Pedro Santos', 'M', 'pedro.santos@yahoo.com', '(81) 98765-4419', '1986-07-12'),
('740.985.261-73', 'Maria Fernanda Silva', 'F', 'maria.fernanda.silva@hotmail.com', '(81) 98765-4420', '1989-11-29');

insert into cliente (cpf, nome, sexo, email, telefone, dataNasc)
	values ("999.888.777-00", "Kellvyn Oliveira", 'M', 
			"kellvyn.oliveira@gmail.com", "(81)999887766", '1993-11-21');
            
insert into cliente (cpf, nome, sexo, email, telefone, dataNasc)
	values ("999.888.777-01", "Linda dos Santos", 'F', 
			"linda.sontos@gmail.com", "(81)999117766", '1994-09-07'),
            ("999.888.777-02", "Dorama Meiki", 'M', 
			"dorama.meiki@gmail.com", "(81)995587766", '2005-01-11'),
            ("999.888.777-03", "Amanda Alves", 'F', 
			"amanda.alves@gmail.com", "(81)995787766", '1995-01-05');

insert into cliente (cpf, nome, sexo, email, telefone, dataNasc)
values 
    ("999.888.777-04", "Carlos Augusto", 'M', "carlos.augusto@gmail.com", "(81)997667788", '1988-03-15'),
    ("999.888.777-05", "Fernanda Lima", 'F', "fernanda.lima@gmail.com", "(81)999223344", '1992-07-22'),
    ("999.888.777-06", "João Pedro Souza", 'M', "joao.souza@gmail.com", "(81)996667799", '1990-11-30'),
    ("999.888.777-07", "Maria Clara Silva", 'F', "maria.clara@gmail.com", "(81)995443355", '2000-08-18'),
    ("999.888.777-08", "Paulo Henrique", 'M', "paulo.henrique@gmail.com", "(81)998877644", '1997-06-09'),
    ("999.888.777-09", "Camila Teixeira", 'F', "camila.teixeira@gmail.com", "(81)994456712", '1993-10-20'),
    ("999.888.777-10", "Roberto Nascimento", 'M', "roberto.nascimento@gmail.com", "(81)992334423", '1985-12-11'),
    ("999.888.777-11", "Ana Beatriz Souza", 'F', "ana.souza@gmail.com", "(81)999556688", '1998-04-02'),
    ("999.888.777-12", "Diego Martins", 'M', "diego.martins@gmail.com", "(81)997889901", '1991-01-24'),
    ("999.888.777-13", "Larissa Farias", 'F', "larissa.farias@gmail.com", "(81)993322117", '1996-05-15'),
    ("999.888.777-14", "Pedro Costa", 'M', "pedro.costa@gmail.com", "(81)996552244", '1999-09-19'),
    ("999.888.777-15", "Juliana Ribeiro", 'F', "juliana.ribeiro@gmail.com", "(81)998887677", '1987-03-30'),
    ("999.888.777-16", "Renato Albuquerque", 'M', "renato.albuquerque@gmail.com", "(81)995223355", '1994-12-01'),
    ("999.888.777-17", "Mariana Monteiro", 'F', "mariana.monteiro@gmail.com", "(81)997776633", '2001-02-25'),
    ("999.888.777-18", "Vinícius Rocha", 'M', "vinicius.rocha@gmail.com", "(81)994455669", '1989-10-10'),
    ("999.888.777-19", "Isabela Cavalcanti", 'F', "isabela.cavalcanti@gmail.com", "(81)996778877", '1995-11-14'),
    ("999.888.777-20", "Felipe Andrade", 'M', "felipe.andrade@gmail.com", "(81)991223399", '1992-07-07'),
    ("999.888.777-21", "Beatriz Moraes", 'F', "beatriz.moraes@gmail.com", "(81)993344599", '2003-04-05'),
    ("999.888.777-22", "Gustavo Ferreira Silva", 'M', "gustavo.ferreira.silva@gmail.com", "(81)995665522", '1996-12-29'),
    ("999.888.777-23", "Patrícia Duarte", 'F', "patricia.duarte@gmail.com", "(81)992334411", '1986-06-18'),
    ("999.888.777-24", "Leonardo Vasconcelos", 'M', "leonardo.vasconcelos@gmail.com", "(81)996788866", '1998-09-12'),
    ("999.888.777-25", "Cecília Mendes", 'F', "cecilia.mendes@gmail.com", "(81)994445511", '1997-08-04'),
    ("999.888.777-26", "Fábio Souza", 'M', "fabio.souza@gmail.com", "(81)993344655", '1993-11-21'),
    ("999.888.777-27", "Bruna Nunes", 'F', "bruna.nunes@gmail.com", "(81)999887633", '1985-01-09'),
    ("999.888.777-28", "Ricardo Almeida", 'M', "ricardo.almeida@gmail.com", "(81)995443399", '1990-02-14'),
    ("999.888.777-29", "Tatiana Correia", 'F', "tatiana.correia@gmail.com", "(81)998665577", '1989-05-09'),
    ("999.888.777-30", "Cláudio Mendes", 'M', "claudio.mendes@gmail.com", "(81)997889911", '1987-07-13'),
    ("999.888.777-31", "Alice Guimarães", 'F', "alice.guimaraes@gmail.com", "(81)992334188", '1994-10-22'),
    ("999.888.777-32", "Henrique Dias", 'M', "henrique.dias@gmail.com", "(81)994556699", '1988-03-26'),
    ("999.888.777-33", "Renata Carvalho", 'F', "renata.carvalho@gmail.com", "(81)997776644", '1992-12-09'),
    ("999.888.777-34", "Eduardo Oliveira", 'M', "eduardo.oliveira@gmail.com", "(81)993334466", '1989-08-30'),
    ("999.888.777-35", "Bianca Silva", 'F', "bianca.silva@gmail.com", "(81)999443377", '1991-09-12'),
    ("999.888.777-36", "Thiago Barros", 'M', "thiago.barros@gmail.com", "(81)997112299", '1995-11-06'),
    ("999.888.777-37", "Daniela Azevedo", 'F', "daniela.azevedo@gmail.com", "(81)995667733", '1999-02-18'),
    ("999.888.777-38", "Lucas Fernandes", 'M', "lucas.fernandes@gmail.com", "(81)998877612", '1986-12-23'),
    ("999.888.777-39", "Marcella Figueiredo", 'F', "marcella.figueiredo@gmail.com", "(81)992223399", '1993-07-17'),
    ("999.888.777-40", "André Luis", 'M', "andre.luis@gmail.com", "(81)991224411", '1990-04-28');

insert into enderecocli (cliente_cpf, uf, cidade, bairro, rua, numero, 
	comp, cep)
	value ("999.888.777-00", "PE", "Recife", "Nova Descoberta", 
		"Alto do Leonardo", 154, "Casa B", "50178-800");

insert into enderecocli (cliente_cpf, uf, cidade, bairro, rua, numero, 
	comp, cep)
	values ("999.888.777-01", "PE", "Recife", "Varzea", 
		"Rua Direita", 14, null, "50070-000"),
			("999.888.777-02", "PE", "Olinda", "Bairro Novo", 
		"Rua Senador Costa", 1112, "Ap 1701", "50110-880"),
			("999.888.777-03", "PE", "Jaboatão dos Guararapes", 
            "Piedade", "Rua Aguia Branca", 81, "Apt 302", "50402-810");

insert into enderecocli (cliente_cpf, uf, cidade, bairro, rua, numero, comp, cep)
values 
    ("999.888.777-04", "PE", "Recife", "Boa Viagem", "Av. Boa Viagem", 2450, "Apt 1002", "51021-200"),
    ("999.888.777-05", "PE", "Olinda", "Casa Caiada", "Rua Dezessete de Agosto", 300, "Casa", "53120-000"),
    ("999.888.777-06", "PE", "Recife", "Espinheiro", "Rua da Hora", 120, "Apt 402", "52021-190"),
    ("999.888.777-07", "PE", "Jaboatão dos Guararapes", "Candeias", "Rua José Maia", 234, "Apt 801", "54330-090"),
    ("999.888.777-08", "PE", "Recife", "Aflitos", "Rua do Futuro", 89, "Casa", "52050-010"),
    ("999.888.777-09", "PE", "Olinda", "Jardim Atlântico", "Rua Doze", 50, null, "53220-070"),
    ("999.888.777-10", "PE", "Recife", "Boa Vista", "Rua Aurora", 324, "Apt 502", "50050-150"),
    ("999.888.777-11", "PE", "Recife", "Santo Amaro", "Av. Norte", 450, "Apt 801", "52011-120"),
    ("999.888.777-12", "PE", "Jaboatão dos Guararapes", "Piedade", "Rua da Praia", 55, "Apt 1502", "54420-010"),
    ("999.888.777-13", "PE", "Recife", "Graças", "Rua das Creoulas", 77, null, "52011-020"),
    ("999.888.777-14", "PE", "Olinda", "Bairro Novo", "Rua Treze de Maio", 401, "Apt 101", "53110-100"),
    ("999.888.777-15", "PE", "Recife", "Tamarineira", "Rua da Harmonia", 192, "Apt 1203", "52051-000"),
    ("999.888.777-16", "PE", "Jaboatão dos Guararapes", "Candeias", "Rua Francisco Mendes", 210, "Apt 203", "54330-010"),
    ("999.888.777-17", "PE", "Recife", "Santo Antônio", "Rua do Imperador", 300, "Sala 302", "50010-240"),
    ("999.888.777-18", "PE", "Recife", "Boa Viagem", "Av. Conselheiro Aguiar", 2300, "Apt 1101", "51011-030"),
    ("999.888.777-19", "PE", "Olinda", "Bairro Novo", "Rua Marechal Deodoro", 450, "Casa", "53120-010"),
    ("999.888.777-20", "PE", "Jaboatão dos Guararapes", "Piedade", "Rua Marilia", 190, null, "54430-050"),
    ("999.888.777-21", "PE", "Recife", "Casa Forte", "Rua Dr. Samuel Lins", 52, "Apt 504", "52060-080"),
    ("999.888.777-22", "PE", "Olinda", "Casa Caiada", "Av. Ministro Marcos Freire", 312, "Apt 303", "53110-230"),
    ("999.888.777-23", "PE", "Recife", "Graças", "Rua Amélia", 400, "Apt 102", "52011-090"),
    ("999.888.777-24", "PE", "Recife", "Boa Viagem", "Rua dos Navegantes", 85, "Apt 1005", "51020-030"),
    ("999.888.777-25", "PE", "Olinda", "Carmo", "Rua do Sol", 37, "Casa", "53120-150"),
    ("999.888.777-26", "PE", "Jaboatão dos Guararapes", "Candeias", "Rua Esperança", 180, "Apt 203", "54330-020"),
    ("999.888.777-27", "PE", "Recife", "Madalena", "Rua José Bonifácio", 77, null, "50610-200"),
    ("999.888.777-28", "PE", "Olinda", "Casa Caiada", "Rua Costa Azevedo", 411, "Apt 402", "53130-060"),
    ("999.888.777-29", "PE", "Recife", "Torre", "Rua Padre Anchieta", 90, "Casa", "50710-050"),
    ("999.888.777-30", "PE", "Jaboatão dos Guararapes", "Piedade", "Rua das Águas Belas", 180, "Apt 901", "54430-120"),
    ("999.888.777-31", "PE", "Recife", "Boa Vista", "Rua da Glória", 256, "Apt 604", "50060-180"),
    ("999.888.777-32", "PE", "Recife", "Derby", "Rua General Joaquim Inácio", 145, "Apt 401", "52010-000"),
    ("999.888.777-33", "PE", "Olinda", "Bairro Novo", "Rua Olavo Bilac", 350, "Apt 302", "53120-200"),
    ("999.888.777-34", "PE", "Recife", "Espinheiro", "Rua Amélia", 122, "Apt 501", "52011-030"),
    ("999.888.777-35", "PE", "Jaboatão dos Guararapes", "Candeias", "Rua Nova Descoberta", 56, null, "54320-040"),
    ("999.888.777-36", "PE", "Olinda", "Jardim Atlântico", "Rua da Praia", 301, "Apt 602", "53220-200"),
    ("999.888.777-37", "PE", "Recife", "Santo Amaro", "Rua Dr. João Fernandes", 11, "Casa", "50100-040"),
    ("999.888.777-38", "PE", "Olinda", "Carmo", "Rua Getúlio Vargas", 78, "Apt 1001", "53110-230"),
    ("999.888.777-39", "PE", "Recife", "Aflitos", "Rua Teles Júnior", 231, "Apt 201", "52050-080"),
    ("999.888.777-40", "PE", "Jaboatão dos Guararapes", "Barra de Jangada", "Rua José Maia", 44, "Apt 502", "54320-060");

INSERT INTO planosaude (numero, nome, cliente_cpf)
values('5738491', 'Amil Saúde', '123.456.789-01'),
('9823567', 'Amil Saúde', '234.567.890-12'),
('1247803', 'Amil Saúde', '345.678.901-23'),
('6958231', 'Amil Saúde', '456.789.012-34'),
('2378914', 'Hapvida Saúde', '567.890.123-45'),
('4185729', 'SulAmérica Saúde', '678.901.234-56'),
('8362190', 'Unimed Brasil', '789.012.345-67'),
('5749268', 'Hapvida Saúde', '890.123.456-78'),
('3102574', 'SulAmérica Saúde', '901.234.567-89'),
('6890341', 'Unimed Brasil', '012.345.678-90'),
('2154973', 'Hapvida Saúde', '987.654.321-09'),
('7681432', 'SulAmérica Saúde', '876.543.210-98'),
('4928356', 'Unimed Brasil', '765.432.109-87'),
('6301857', 'Hapvida Saúde', '654.321.098-76'),
('1897253', 'SulAmérica Saúde', '543.210.987-65'),
('4579320', 'Unimed Brasil', '369.247.508-16'),
('9237681', 'Hapvida Saúde', '238.107.956-74'),
('5742309', 'SulAmérica Saúde', '407.891.623-45'),
('8629130', 'Unimed Brasil', '981.765.342-67'),
('5194728', 'Hapvida Saúde', '735.496.281-04'),
('3048716', 'SulAmérica Saúde', '614.207.985-23'),
('7250398', 'Unimed Brasil', '592.630.184-75'),
('6812947', 'Hapvida Saúde', '248.159.763-05'),
('7492830', 'SulAmérica Saúde', '413.762.895-07'),
('1235678', 'Unimed Brasil', '765.149.283-60'),
('9364857', 'Hapvida Saúde', '896.235.417-80'),
('8206174', 'SulAmérica Saúde', '542.738.691-07'),
('3857246', 'Unimed Brasil', '319.874.206-58'),
('5678910', 'Hapvida Saúde', '768.320.495-18'),
('4712098', 'SulAmérica Saúde', '624.987.130-54'),
('6295473', 'Unimed Brasil', '413.795.268-02'),
('5381976', 'Hapvida Saúde', '278.643.915-60'),
('2947681', 'SulAmérica Saúde', '859.421.736-04'),
('6973821', 'Unimed Brasil', '956.710.348-27'),
('8106923', 'Hapvida Saúde', '431.298.765-09'),
('2478513', 'SulAmérica Saúde', '708.654.312-98'),
('7356491', 'Unimed Brasil', '324.709.856-19'),
('9182673', 'Hapvida Saúde', '693.247.518-04'),
('4061289', 'SulAmérica Saúde', '740.985.261-73');

INSERT INTO enderecocli (Cliente_cpf, uf, cidade, bairro, rua, numero, comp, cep)
values('123.456.789-01', 'PE', 'Recife', 'Boa Viagem', 'Rua dos Ricos', '123', 'Casa 101', '12345-678'),
('234.567.890-12', 'PE', 'Recife', 'Santo Amaro', 'Avenida dos Girassóis', '456', 'Apartamento 4B', '98765-432'),
('345.678.901-23', 'PE', 'Recife', 'Graças', 'Rua das Palmeiras', '789', 'Bloco A, Apartamento 302', '54321-876'),
('456.789.012-34', 'PE', 'Recife', 'Casa Forte', 'Avenida das Acácias', '321', 'Casa Amarela', '67890-123'),
('567.890.123-45', 'PE', 'Recife', 'Madalena', 'Rua das Hortênsias', '654', 'Sobrado dos Pinheiros', '21098-765'),
('678.901.234-56', 'PE', 'Recife', 'Parnamirim', 'Avenida das Rosas', '987', 'Apto. 12A, Torre Sul', '13579-246'),
('789.012.345-67', 'PE', 'Recife', 'Afogados', 'Rua das Violetas', '234', 'Casa Verde', '86420-951'),
('890.123.456-78', 'PE', 'Recife', 'Areias', 'Avenida dos Jacarandás', '567', 'Cobertura Luxo', '24680-135'),
('901.234.567-89', 'PE', 'Recife', 'Encruzilhada', 'Rua das Begônias', '890', 'Apartamento 503, Edifício Rio', '97531-864'),
('012.345.678-90', 'PE', 'Recife', 'Torre', 'Avenida das Orquídeas', '1234', 'Casa da Esquina', '38219-746'),
('987.654.321-09', 'PE', 'Recife', 'Jaqueira', 'Rua dos Lírios', '5678', 'Apto. 7B, Bloco C', '64982-357'),
('876.543.210-98', 'PE', 'Recife', 'Espinheiro', 'Avenida das Tulipas', '9012', 'Sobrado dos Girassóis', '72635-198'),
('765.432.109-87', 'PE', 'Recife', 'Pina', 'Rua dos Cravos', '3456', 'Casa com Jardim', '51849-623'),
('654.321.098-76', 'PE', 'Recife', 'Rosarinho', 'Avenida das Camélias', '7890', 'Apto. 202, Condomínio Primavera', '93726-184'),
('543.210.987-65', 'PE', 'Recife', 'Ibura', 'Rua das Azaléias', '4321', 'Casa dos Sonhos', '26873-419'),
('369.247.508-16', 'PE', 'Olinda', 'Várzea', 'Avenida dos Ipês', '8765', 'Apto. 21D, Torre Norte', '57318-924'),
('238.107.956-74', 'PE', 'Olinda', 'Coelhos', 'Rua dos Jasmins', '2109', 'Sobrado do Lago', '82476-531'),
('407.891.623-45', 'PE', 'Olinda', 'Guabiraba', 'Avenida dos Pinheiros', '5432', 'Casa na Colina', '49635-872'),
('981.765.342-67', 'PE', 'Olinda', 'Ibura de Baixo', 'Rua dos Amores-Perfeitos', '8765', 'Apartamento 15, Prédio Sol', '75294-618'),
('735.496.281-04', 'PE', 'Olinda', 'Água Fria', 'Avenida dos Cedros', '1098', 'Casa com Piscina', '63184-297'),
('614.207.985-23', 'PE', 'Olinda', 'Bairro Novo', 'Rua dos Ciprestes', '4321', 'Apto. 301, Edifício Estrela', '21873-945'),
('592.630.184-75', 'PE', 'Olinda', 'Jardim Atlântico', 'Avenida dos Damascos', '7654', 'Casa Azul', '49368-721'),
('248.159.763-05', 'PE', 'Olinda', 'Casa Caiada', 'Rua dos Kiwis', '987', 'Sobrado das Acácias', '82713-546'),
('413.762.895-07', 'PE', 'Recife', 'Santo Amaro', 'Avenida dos Girassóis', '456', 'Cobertura com Vista', '36194-872'),
('765.149.283-60', 'PE', 'Recife', 'Graças', 'Rua das Palmeiras', '789', 'Casa da Montanha', '57291-634'),
('896.235.417-80', 'PE', 'Recife', 'Casa Forte', 'Avenida das Acácias', '321', 'Apto. 8A, Bloco B', '96813-725'),
('542.738.691-07', 'PE', 'Recife', 'Madalena', 'Rua das Hortênsias', '654', 'Casa do Lago', '72543-186'),
('319.874.206-58', 'PE', 'Recife', 'Parnamirim', 'Avenida das Rosas', '987', 'Apartamento 405, Condomínio Sol Nascente', '31742-896'),
('768.320.495-18', 'PE', 'Recife', 'Afogados', 'Rua das Violetas', '234', 'Casa Charmosa', '96458-372'),
('624.987.130-54', 'PE', 'Recife', 'Areias', 'Avenida dos Jacarandás', '567', 'Apto. 12C, Torre Leste', '23847-569'),
('413.795.268-02', 'PE', 'Olinda', 'Carmo', 'Rua dos Cerejeiras', '1098', 'null', '79462-831'),
('278.643.915-60', 'PE', 'Olinda', 'Bonsucesso', 'Avenida dos Damascos', '6543', 'null', '68251-947'),
('859.421.736-04', 'PE', 'Recife', 'Imbiribeira', 'Rua dos Limoeiros', '9876', 'null', '52497-316'),
('956.710.348-27', 'PE', 'Recife', 'São Martinho', 'Avenida dos Morangos', '4321', 'null', '41926-738'),
('431.298.765-09', 'PE', 'Recife', 'Beberibe', 'Rua dos Maracujás', '8765', 'null', '87364-215'),
('708.654.312-98', 'PE', 'Recife', 'Cidade Universitária', 'Avenida dos Pêssegos', '2109', 'null', '34675-928'),
('324.709.856-19', 'PE', 'Recife', 'Campo Grande', 'Rua dos Abacaxis', '5432', 'null', '15938-274'),
('693.247.518-04', 'PE', 'Olinda', 'Alto da Sé', 'Avenida dos Carambolas', '987', 'null', '74359-182'),
('740.985.261-73', 'PE', 'Olinda', 'Amparo', 'Rua dos Kiwis', '3210', 'null', '82643-971');

INSERT INTO venda (dataVenda, valorTotal, desconto, funcionario_cpf, cliente_cpf)
values ('2021-01-05 09:15', 10, null, '333.444.555-66', '012.345.678-90'),
    ('2021-02-12 14:30', 15, null, '123.456.789-04', '098.765.432-10'),
    ('2021-03-20 16:45', 15, null, '666.777.888-99', '109.876.543-21'),
    ('2021-04-08 11:20', 15, null, '333.444.555-66', '123.456.789-01'),
    ('2021-05-17 13:55', 15, null, '123.456.789-04', '123.654.987-05'),
    ('2021-06-22 10:10', 15, null, '666.777.888-99', '180.726.935-24'),
    ('2021-07-19 15:25', 15, null, '333.444.555-66', '189.576.342-09'),
    ('2021-08-03 08:40', 15, null, '123.456.789-04', '195.864.732-06'),
    ('2021-09-28 17:05', 15, null, '666.777.888-99', '206.835.971-84'),
    ('2021-10-15 12:30', 15, null, '333.444.555-66', '210.987.654-32'),
    ('2021-11-09 18:55', 15, null, '123.456.789-04', '234.567.890-12'),
    ('2021-12-25 19:45', 15, null, '666.777.888-99', '238.107.956-74'),
    ('2021-01-08 20:25', 15, null, '333.444.555-66', '239.857.614-32'),
    ('2021-02-19 09:35', 15, null, '123.456.789-04', '247.369.805-78'),
    ('2021-03-27 14:50', 15, null, '666.777.888-99', '247.816.593-04'),
    ('2021-04-14 11:05', 15, null, '999.000.111-22', '248.159.763-05'),
    ('2021-05-24 16:20', 20.00, null, '123.456.789-03', '264.013.978-54'),
    ('2021-06-03 08:15', 20.00, null, '123.456.789-01', '278.643.915-60'),
    ('2021-07-29 12:40', 20.00, null, '666.777.888-99', '295.684.713-60'),
    ('2021-08-07 17:30', 20.00, null, '784.345.810-34', '319.874.206-58'),
    ('2021-09-10 19:10', 35.00, null, '123.456.789-03', '321.098.765-43'),
    ('2021-10-30 15:00', 35.00, null, '123.456.789-01', '324.709.856-19'),
    ('2021-11-16 09:45', 35.00, 2, '666.777.888-99', '327.915.684-02'),
    ('2021-12-21 13:05', 35.00, 2, '784.345.810-34', '345.678.901-23'),
    ('2021-01-13 14:55', 35.00, 2, '000.111.222-33', '356.208.479-21'),
    ('2021-02-28 10:45', 35.00, 2, '111.222.333-44', '362.481.759-04'),
    ('2021-03-08 08:30', 35.00, 2, '123.456.789-01', '364.198.527-01'),
    ('2021-04-04 18:35', 42.00, 2, '123.456.789-02', '369.247.508-16'),
    ('2021-05-09 17:50', 42.00, 2, '123.456.789-03', '372.465.819-04'),
    ('2021-06-27 15:15', 42.00, 2, '123.456.789-04', '372.849.610-25'),
    ('2021-07-23 19:30', 42.00, 2, '214.234.284-23', '379.461.825-04'),
    ('2021-08-14 16:00', 40.00, null, '222.333.444-55', '398.752.164-79'),
    ('2021-09-04 13:25', 42.00, 2, '251.547.698-01', '407.891.623-45'),
    ('2021-10-23 12:20', 42.00, 2, '333.444.555-66', '413.762.895-07'),
    ('2021-11-18 08:05', 42.00, 2, '333.444.555-66', '413.795.268-02'),
    ('2021-12-30 11:55', 15.50, null, '123.456.789-04', '416.890.753-28'),
    ('2021-01-29 10:00', 15.50, null, '666.777.888-99', '431.298.765-09'),
    ('2021-02-07 08:45', 15.50, null, '666.777.888-99', '432.109.876-54'),
    ('2021-03-12 12:10', 15.50, null, '123.456.789-04', '437.028.961-75'),
    ('2021-04-26 16:45', 15.50, null, '214.234.284-23', '456.789.012-34'),
    ('2021-05-15 15:30', 40.00, null, '987.654.321-10', '481.503.276-98'),
    ('2021-06-01 13:15', 50.00, null, '999.000.111-22', '514.602.987-36'),
    ('2021-07-11 10:20', 50.00, null, '214.234.284-23', '527.819.364-02'),
    ('2021-08-19 18:55', 50.00, null, '214.234.284-23', '530.972.486-71'),
    ('2021-09-15 17:40', 50.00, null, '214.234.284-23', '531.642.789-53'),
    ('2021-10-12 09:35', 50.00, null, '214.234.284-23', '542.738.691-07'),
    ('2021-11-26 14:50', 50.00, null, '123.456.789-04', '543.210.987-65'),
    ('2021-12-05 19:05', 50.00, null, '666.777.888-99', '547.836.291-04'),
    ('2021-01-23 08:25', 50.00, null, '666.777.888-99', '564.312.978-40'),
    ('2021-02-03 15:50', 50.00, null, '123.456.789-04', '567.890.123-45'),
    ('2021-03-28 16:00', 50.00, null, '666.777.888-99', '592.630.184-75'),
    ('2021-04-11 12:45', 50.00, null, '666.777.888-99', '596.134.720-84'),
    ('2021-05-27 11:30', 60.00, 5, '555.666.777-88', '604.389.721-54'),
    ('2021-06-08 17:55', 20.00, 3, '251.547.698-01', '610.893.472-85'),
    ('2021-07-14 14:20', 15.00, 2, '000.111.222-33', '614.207.985-23'),
    ('2021-08-28 08:10', 10.00, null, '111.222.333-44', '624.987.130-54'),
    ('2021-09-20 10:40', 25.00, 3, '123.456.789-01', '625.497.183-60'),
    ('2021-10-02 19:15', 20.00, 2, '123.456.789-02', '630.875.419-32'),
    ('2021-11-05 13:05', 42.00, 2, '123.456.789-03', '631.489.720-64'),
    ('2021-12-16 09:30', 35.00, 3, '123.456.789-04', '635.792.418-07'),
    ('2021-01-18 18:45', 12.00, 2, '214.234.284-23', '654.321.098-76'),
    ('2021-02-15 16:35', 50.00, 6.5, '222.333.444-55', '678.901.234-56'),
    ('2021-03-03 19:55', 10.00, null, '251.547.698-01', '693.247.518-04'),
    ('2021-04-19 13:50', 45.00, null, '777.888.999-00', '698.713.420-98'),
    ('2021-05-31 10:15', 45.00, null, '444.555.666-77', '708.654.312-98'),
    ('2021-06-17 08:00', 45.00, null, '111.222.333-44', '708.914.362-59'),
    ('2021-07-09 12:25', 45.00, null, '888.999.000-11', '714.298.365-07'),
    ('2021-08-24 09:05', 45.00, null, '251.547.698-01', '732.156.849-70'),
    ('2021-09-08 16:30', 45.00, null, '214.234.284-23', '735.496.281-04'),
    ('2021-10-09 17:20', 45.00, null, '333.444.555-66', '740.985.261-73'),
    ('2021-11-30 18:15', 45.00, null, '123.456.789-04', '742.519.630-84'),
    ('2021-12-10 11:35', 45.00, null, '666.777.888-99', '745.183.962-08'),
    ('2021-01-31 14:10', 45.00, null, '777.888.999-00', '765.149.283-60'),
    ('2021-02-24 15:40', 45.00, null, '444.555.666-77', '765.432.109-87'),
    ('2021-03-16 08:20', 45.00, null, '111.222.333-44', '768.320.495-18'),
    ('2021-04-30 10:30', 45.00, null, '888.999.000-11', '784.310.692-57'),
    ('2021-05-03 16:55', 45.00, null, '251.547.698-01', '789.012.345-67'),
    ('2021-06-12 12:00', 45.00, null, '214.234.284-23', '810.367.924-53'),
    ('2021-07-18 17:45', 45.00, null, '333.444.555-66', '816.407.932-54'),
    ('2021-08-21 15:10', 55.00, 5, '123.456.789-04', '819.632.704-58'),
    ('2021-09-25 18:35', 55.00, 5, '666.777.888-99', '827.503.916-48'),
    ('2021-10-16 19:25', 70.00, 10, '333.444.555-66', '856.192.347-60'),
    ('2021-11-20 13:15', 65.00, 5, '123.456.789-04', '856.421.739-06'),
    ('2021-12-28 09:50', 45.00, 5, '666.777.888-99', '859.421.736-04'),
    ('2021-01-24 11:00', 45.00, 5, '333.444.555-66', '872.964.350-21'),
    ('2021-02-09 08:30', 45.00, 10.00, '123.456.789-04', '876.543.210-98'),
    ('2021-03-14 14:40', 45.00, null, '999.000.111-22', '890.123.456-78'),
    ('2021-04-02 12:05', 10.00, null, '123.456.789-03', '896.235.417-80'),
    ('2021-05-01 10:50', 100.00, null, '123.456.789-01', '901.234.567-89'),
    ('2021-06-19 17:30', 100.00, null, '666.777.888-99', '925.047.186-32'),
    ('2021-07-02 16:15', 100.00, null, '784.345.810-34', '950.381.726-43'),
    ('2021-08-12 09:50', 45.00, null, '333.444.555-66', '951.624.730-84'),
    ('2021-09-12 19:40', 45.00, null, '123.456.789-04', '956.710.348-27'),
    ('2021-10-19 08:10', 58.00, 8, '666.777.888-99', '964.128.537-01'),
    ('2021-11-14 11:55', 58.00, 8, '000.111.222-33', '964.217.358-09'),
    ('2021-12-17 15:25', 50.00, 10.00, '333.444.555-66', '971.203.846-25'),
    ('2021-01-21 18:20', 50.00, 10.00, '123.456.789-04', '980.572.346-01'),
    ('2021-02-21 14:05', 50.00, 10.00, '666.777.888-99', '981.765.342-67'),
    ('2021-03-09 17:35', 50.00, 10.00, '333.444.555-66', '986.321.574-09'),
    ('2021-04-07 13:25', 50.00, 10.00, '123.456.789-04', '987.654.321-09'),
    ('2022-01-10 09:15', 50.00, 10.00, '666.777.888-99', '012.345.678-90'),
    ('2022-02-18 14:30', 70.00, 10.00, '000.111.222-33', '098.765.432-10'),
    ('2022-03-25 16:45', 50.00, 10.00, '888.999.000-11', '109.876.543-21'),
    ('2022-04-12 11:20', 70.00, 10.00, '222.333.444-55', '123.456.789-01'),
    ('2022-05-22 13:55', 50.00, 10.00, '000.111.222-33', '123.654.987-05'),
    ('2022-06-07 10:10', 65.00, 5.00, '888.999.000-11', '180.726.935-24'),
    ('2022-07-14 15:25', 40.00, 3, '222.333.444-55', '189.576.342-09'),
    ('2022-08-28 08:40', 45.00, 5, '999.000.111-22', '195.864.732-06'),
    ('2022-09-15 17:05', 45.00, 3, '123.456.789-03', '206.835.971-84'),
    ('2022-10-20 12:30', 45.00, 3, '123.456.789-01', '210.987.654-32'),
    ('2022-11-14 18:55', 45.00, 3, '666.777.888-99', '234.567.890-12'),
    ('2022-12-30 19:45', 45.00, 3, '784.345.810-34', '238.107.956-74'),
    ('2022-01-03 20:25', 45.00, 3, '999.000.111-22', '239.857.614-32'),
    ('2022-02-11 09:35', 45.00, 3, '123.456.789-03', '247.369.805-78'),
    ('2022-03-19 14:50', 45.00, 3, '123.456.789-01', '247.816.593-04'),
    ('2022-04-06 11:05', 8.00, null, '666.777.888-99', '248.159.763-05'),
    ('2022-05-16 16:20', 10.00, 2, '784.345.810-34', '264.013.978-54'),
    ('2022-06-01 08:15', 4.00, null, '777.888.999-00', '278.643.915-60'),
    ('2022-07-27 12:40', 3.00, 0.80, '444.555.666-77', '295.684.713-60'),
    ('2022-08-05 17:30', 10.00, 2, '111.222.333-44', '319.874.206-58'),
     ('2022-09-08 19:10', 6.00, null, '888.999.000-11', '321.098.765-43'),
    ('2022-10-28 15:00', 5.00, 0.50, '251.547.698-01', '324.709.856-19'),
    ('2022-11-13 09:45', 7.00, null, '214.234.284-23', '327.915.684-02'),
    ('2022-12-18 13:05', 5.00, null, '777.888.999-00', '345.678.901-23'),
    ('2022-01-20 14:55', 7.00, null, '444.555.666-77', '356.208.479-21'),
    ('2022-02-25 10:45', 15.00, 2, '111.222.333-44', '362.481.759-04'),
    ('2022-03-05 08:30', 10.00, null, '888.999.000-11', '364.198.527-01'),
    ('2022-04-01 18:35', 5.00, null, '251.547.698-01', '369.247.508-16'),
    ('2022-05-06 17:50', 9.00, null, '214.234.284-23', '372.465.819-04'),
    ('2022-06-24 15:15', 10.00, null, '777.888.999-00', '372.849.610-25'),
    ('2022-07-20 19:30', 12.00, null, '444.555.666-77', '379.461.825-04'),
    ('2022-08-11 16:00', 40.00, null, '111.222.333-44', '398.752.164-79'),
    ('2022-09-01 13:25', 15.00, 3, '888.999.000-11', '407.891.623-45'),
    ('2022-10-20 12:20', 30.00, null, '251.547.698-01', '413.762.895-07'),
    ('2022-11-15 08:05', 10.00, null, '214.234.284-23', '413.795.268-02'),
    ('2022-12-27 11:55', 15.00, null, '777.888.999-00', '416.890.753-28'),
    ('2022-01-26 10:00', 25.00, null, '444.555.666-77', '431.298.765-09'),
    ('2022-02-04 08:45', 65.00, null, '111.222.333-44', '432.109.876-54'),
    ('2022-03-09 12:10', 30.00, null, '888.999.000-11', '437.028.961-75'),
    ('2022-04-23 16:45', 10.00, null, '251.547.698-01', '456.789.012-34'),
    ('2022-05-12 15:30', 40.00, 5, '214.234.284-23', '481.503.276-98'),
    ('2022-06-29 13:15', 10.00, null, '000.111.222-33', '514.602.987-36'),
    ('2022-07-09 10:20', 30.00, 3, '888.999.000-11', '527.819.364-02'),
    ('2022-08-17 18:55', 15.00, 2, '222.333.444-55', '530.972.486-71'),
    ('2022-09-13 17:40', 20.00, null, '000.111.222-33', '531.642.789-53'),
    ('2022-10-10 09:35', 45.00, 3, '123.456.789-02', '542.738.691-07'),
    ('2022-11-24 14:50', 25.00, null, '555.666.777-88', '543.210.987-65'),
    ('2022-12-03 19:05', 25.00, 2.50, '123.456.789-02', '547.836.291-04'),
    ('2022-01-21 08:25', 25.00, 2.50, '555.666.777-88', '564.312.978-40'),
    ('2022-02-01 15:50', 25.00, null, '123.456.789-02', '567.890.123-45'),
    ('2023-01-15 09:15', 25.00, null, '555.666.777-88', '592.630.184-75'),
    ('2023-02-22 14:30', 25.00, null, '123.456.789-02', '596.134.720-84'),
    ('2023-03-25 16:45', 5.00, null, '777.888.999-00', '604.389.721-54'),
    ('2023-04-11 11:20', 7.00, null, '444.555.666-77', '610.893.472-85'),
    ('2023-05-21 13:55', 15.00, null, '111.222.333-44', '614.207.985-23'),
    ('2023-06-06 10:10', 10.00, null, '888.999.000-11', '624.987.130-54'),
    ('2023-07-13 15:25', 5.00, null, '251.547.698-01', '625.497.183-60'),
    ('2023-08-27 08:40', 9.00, 1, '214.234.284-23', '630.875.419-32'),
    ('2023-09-14 17:05', 10.00, null, '999.000.111-22', '631.489.720-64'),
    ('2023-10-19 12:30', 12.00, 2, '123.456.789-03', '635.792.418-07'),
    ('2023-11-13 18:55', 40.00, 3, '123.456.789-01', '654.321.098-76'),
    ('2023-12-29 19:45', 15.00, null, '666.777.888-99', '678.901.234-56'),
    ('2023-01-02 20:25', 30.00, 2, '784.345.810-34', '693.247.518-04'),
    ('2023-02-10 09:35', 10.00, null, '333.444.555-66', '698.713.420-98'),
    ('2023-03-18 14:50', 15.00, 2.50, '123.456.789-04', '708.654.312-98'),
    ('2023-04-05 11:05', 25.00, null, '666.777.888-99', '708.914.362-59'),
    ('2023-05-15 16:20', 65.00, 5, '000.111.222-33', '714.298.365-07'),
    ('2023-06-30 08:15', 30.00, null, '888.999.000-11', '732.156.849-70'),
    ('2023-07-26 12:40', 10.00, null, '222.333.444-55', '735.496.281-04'),
    ('2023-08-04 17:30', 55.00, 5, '333.444.555-66', '740.985.261-73'),
    ('2023-09-07 19:10', 55.00, 5, '123.456.789-04', '742.519.630-84'),
    ('2023-10-27 15:00', 55.00, 5, '666.777.888-99', '745.183.962-08'),
    ('2023-11-12 09:45', 55.00, 5, '333.444.555-66', '765.149.283-60'),
    ('2023-12-17 13:05', 20.00, null, '123.456.789-04', '765.432.109-87'),
    ('2023-01-19 14:55', 45.00, null, '777.888.999-00', '768.320.495-18'),
    ('2023-02-24 10:45', 20.00, null, '444.555.666-77', '784.310.692-57'),
    ('2023-03-04 08:30', 15.00, null, '111.222.333-44', '789.012.345-67'),
    ('2023-04-07 18:35', 10.00, null, '888.999.000-11', '810.367.924-53'),
    ('2023-05-12 17:50', 25.00, null, '251.547.698-01', '816.407.932-54'),
    ('2023-06-28 15:15', 20.00, null, '214.234.284-23', '819.632.704-58'),
    ('2023-07-24 19:30', 42.00, null, '999.000.111-22', '827.503.916-48'),
    ('2023-08-15 16:00', 35.00, null, '123.456.789-03', '856.192.347-60'),
    ('2023-09-05 13:25', 12.00, null, '123.456.789-01', '856.421.739-06'),
    ('2023-10-24 12:20', 50.00, null, '666.777.888-99', '859.421.736-04'),
    ('2023-11-19 08:05', 10.00, null, '784.345.810-34', '872.964.350-21'),
    ('2023-12-31 11:55', 40.00, 5, '000.111.222-33', '876.543.210-98'),
    ('2023-01-28 10:00', 30.00, null, '888.999.000-11', '890.123.456-78'),
    ('2023-02-06 08:45', 15.00, null, '222.333.444-55', '896.235.417-80'),
    ('2023-03-11 12:10', 80.00, 20, '333.444.555-66', '901.234.567-89'),
    ('2023-04-25 16:45', 25.00, null, '123.456.789-04', '925.047.186-32'),
    ('2023-05-14 15:30', 45.00, null, '666.777.888-99', '950.381.726-43'),
    ('2023-06-27 13:15', 20.00, null, '777.888.999-00', '951.624.730-84'),
    ('2023-07-07 10:20', 5.00, null, '444.555.666-77', '956.710.348-27'),
    ('2023-08-16 18:55', 25.00, null, '111.222.333-44', '964.128.537-01'),
    ('2023-09-12 17:40', 20.00, null, '888.999.000-11', '964.217.358-09'),
    ('2023-10-09 09:35', 10.00, null, '251.547.698-01', '971.203.846-25'),
    ('2023-11-23 14:50', 15.00, null, '214.234.284-23', '980.572.346-01'),
    ('2023-12-02 19:05', 20.00, null, '999.000.111-22', '981.765.342-67'),
    ('2023-01-20 08:25', 20.00, null, '123.456.789-03', '986.321.574-09'),
    ('2023-02-28 15:50', 20.00, null, '123.456.789-01', '987.654.321-09'),
    ('2023-03-01 15:50', 20.00, null, '666.777.888-99', '123.654.987-05'),
    ('2023-03-02 15:50', 20.00, null, '784.345.810-34', '180.726.935-24'),
    ('2023-03-03 15:50', 50.00, null, '000.111.222-33', '189.576.342-09'),
    ('2023-03-04 15:50', 60.00, null, '888.999.000-11', '195.864.732-06'),
    ('2023-03-05 15:50', 100.00, null, '222.333.444-55', '206.835.971-84'),
    ('2023-03-06 15:50', 35.00, null, '777.888.999-00', '210.987.654-32'),
    ('2023-03-07 15:50', 60.00, null, '444.555.666-77', '234.567.890-12'),
    ('2023-03-08 15:50', 100.00, null, '111.222.333-44', '901.234.567-89'),
    ('2023-03-09 15:50', 60.00, null, '888.999.000-11', '925.047.186-32'),
    ('2023-03-10 15:50', 100.00, null, '111.222.333-44', '950.381.726-43'),
    ('2023-03-07 15:50', 5.00, null, '987.654.321-10', '210.987.654-32'),
    ('2023-03-08 15:50', 5.00, null, '987.654.321-10', '234.567.890-12'),
    ('2023-03-06 15:50', 5.00, null, '987.654.321-10', '901.234.567-89'),
    ('2023-09-03 15:50', 5.00, null, '987.654.321-10', '925.047.186-32'),
    ('2023-09-10 15:50', 5.00, null, '987.654.321-10', '950.381.726-43'),
    ('2023-02-01 08:12', 5.00, null, '999.000.111-22', '012.345.678-90'),
    ('2023-03-01 15:30', 7.00, null, '123.456.789-03', '098.765.432-10'),
    ('2023-04-01 10:45', 15.00, 2, '123.456.789-01', '109.876.543-21'),
    ('2023-05-01 14:20', 10.00, null, '666.777.888-99', '123.456.789-01'),
    ('2023-06-01 09:05', 5.00, null, '784.345.810-34', '123.654.987-05'),
    ('2023-07-01 17:40', 9.00, 1, '333.444.555-66', '180.726.935-24'),
    ('2023-08-01 11:55', 10.00, null, '123.456.789-04', '189.576.342-09'),
    ('2023-09-01 13:28', 12.00, null, '666.777.888-99', '195.864.732-06'),
    ('2023-10-01 16:17', 40.00, 5, '000.111.222-33', '206.835.971-84'),
    ('2023-11-01 12:09', 15.00, null, '888.999.000-11', '210.987.654-32'),
    ('2023-12-01 14:55', 30.00, null, '222.333.444-55', '234.567.890-12'),
    ('2023-01-13 10:33', 10.00, 2, '999.000.111-22', '238.107.956-74'),
    ('2023-02-14 15:09', 15.00, null, '123.456.789-03', '239.857.614-32'),
    ('2023-03-15 08:25', 25.00, 3.5, '123.456.789-01', '247.369.805-78'),
    ('2023-04-16 18:40', 65.00, 5, '666.777.888-99', '247.816.593-04'),
    ('2023-05-17 14:02', 30.00, 2.5, '784.345.810-34', '248.159.763-05'),
    ('2023-06-18 09:47', 10.00, 1, '333.444.555-66', '264.013.978-54'),
    ('2023-07-19 17:12', 40.00, 2, '123.456.789-04', '278.643.915-60'),
    ('2023-08-20 12:38', 10.00, null, '666.777.888-99', '295.684.713-60'),
    ('2023-09-21 13:20', 30.00, null, '000.111.222-33', '319.874.206-58'),
    ('2023-10-22 10:15', 15.00, null, '888.999.000-11', '321.098.765-43'),
    ('2023-11-23 16:58', 20.00, 2.5, '222.333.444-55', '324.709.856-19'),
    ('2023-12-24 11:42', 45.00, null, '999.000.111-22', '327.915.684-02'),
    ('2023-01-25 14:53', 20.00, null, '123.456.789-03', '345.678.901-23'),
    ('2023-02-26 09:37', 15.00, null, '123.456.789-01', '356.208.479-21'),
    ('2023-03-27 15:44', 10.00, null, '666.777.888-99', '362.481.759-04'),
    ('2023-04-28 08:01', 25.00, null, '784.345.810-34', '364.198.527-01'),
    ('2023-05-29 18:25', 20.00, null, '333.444.555-66', '369.247.508-16'),
    ('2023-06-30 16:06', 42.00, null, '123.456.789-04', '372.465.819-04'),
    ('2023-07-31 12:28', 35.00, null, '666.777.888-99', '372.849.610-25'),
    ('2023-08-01 13:50', 12.00, null, '000.111.222-33', '379.461.825-04'),
    ('2023-09-02 10:11', 50.00, null, '888.999.000-11', '398.752.164-79'),
    ('2023-09-03 17:22', 10.00, null, '222.333.444-55', '407.891.623-45'),
    ('2023-09-04 11:04', 40.00, null, '999.000.111-22', '547.836.291-04'),
    ('2023-09-05 14:33', 30.00, null, '123.456.789-03', '564.312.978-40'),
    ('2023-09-06 08:55', 15.00, null, '123.456.789-01', '567.890.123-45'),
    ('2023-09-07 15:10', 80.00, null, '666.777.888-99', '592.630.184-75'),
    ('2023-09-08 09:47', 25.00, null, '784.345.810-34', '596.134.720-84'),
    ('2023-09-09 12:26', 45.00, null, '333.444.555-66', '604.389.721-54'),
    ('2023-09-10 16:44', 20.00, null, '123.456.789-04', '610.893.472-85'),
    ('2023-09-11 13:18', 5.00, null, '666.777.888-99', '614.207.985-23'),
    ('2023-09-12 10:39', 25.00, null, '000.111.222-33', '624.987.130-54'),
    ('2023-09-13 18:01', 20.00, null, '888.999.000-11', '625.497.183-60'),
    ('2023-09-14 14:22', 10.00, null, '222.333.444-55', '630.875.419-32'),
    ('2023-09-15 11:56', 15.00, null, '987.654.321-10', '631.489.720-64'),
    ('2023-09-13 18:01', 5.00, null, '987.654.321-10', '625.497.183-60'),
    ('2023-09-14 14:22', 5.00, null, '987.654.321-10', '630.875.419-32'),
    ('2023-09-15 11:56', 5.00, null, '987.654.321-10', '631.489.720-64');


INSERT INTO receitasmedica (idReceitas, descricao, arquivoReceita, Venda_idVenda)
values (1, 'Paracetamol', NULL, 50),
(2, 'Ibuprofeno', NULL, 51),
(3, 'Amoxicilina', NULL, 52),
(4, 'Omeprazol', NULL, 53),
(5, 'Cetirizina', NULL, 54),
(6, 'Loratadina', NULL, 55),
(7, 'Ranitidina', NULL, 56),
(8, 'Metformina', NULL, 57),
(9, 'Insulina', NULL, 58),
(10, 'Lisinopril', NULL, 59),
(11, 'Simvastatina', NULL, 60),
(12, 'Levothyroxine', NULL, 61),
(13, 'Alprazolam', NULL, 62),
(14, 'Prozac', NULL, 63),
(15, 'Morphine', NULL, 64),
(16, 'Ritalin', NULL, 65),
(17, 'Prednisone', NULL, 66),
(18, 'Amiodarone', NULL, 67),
(19, 'Warfarin', NULL, 68),
(20, 'Gabapentin', NULL, 69),
(21, 'Metoprolol', NULL, 72),
(22, 'Ventolin', NULL, 73),
(23, 'Insulin Lispro', NULL, 74),
(24, 'Valsartan', NULL, 75),
(25, 'Tramadol', NULL, 76),
(26, 'Codeine', NULL, 77),
(27, 'Xanax', NULL, 78),
(28, 'Zoloft', NULL, 79),
(29, 'Methadone', NULL, 80),
(30, 'Lexapro', NULL, 81),
(31, 'Furosemide', NULL, 82),
(32, 'Adderall', NULL, 83),
(33, 'Propranolol', NULL, 84),
(34, 'Seroquel', NULL, 85),
(35, 'Valium', NULL, 86),
(36, 'Prednisolone', NULL, 87),
(37, 'Suboxone', NULL, 88),
(38, 'Topamax', NULL, 89),
(39, 'Risperidone', NULL, 90);


INSERT INTO formapag (valorPago, tipo, parcela, Venda_idVenda)
values (10, 'pix', 0, 1),
    (15, 'dinheiro', 0, 2),
    (15, 'cartao de credito', 1, 3),
    (15, 'cartao de debito', 0, 4),
    (15, 'pix', 0, 5),
    (15, 'dinheiro', 0, 6),
    (15, 'cartao de credito', 1, 7),
    (15, 'cartao de debito', 0, 8),
    (15, 'pix', 0, 9),
    (15, 'dinheiro', 0, 10),
    (15, 'dinheiro', 0, 11),
    (15, 'dinheiro', 0, 12),
    (15, 'dinheiro', 0, 13),
    (15, 'dinheiro', 0, 14),
    (15, 'dinheiro', 0, 15),
    (15, 'dinheiro', 0, 16),
    (20, 'dinheiro', 0, 17),
    (20, 'dinheiro', 0, 18),
    (20, 'dinheiro', 0, 19),
    (20, 'dinheiro', 0, 20),
    (35, 'dinheiro', 0, 21),
    (35, 'dinheiro', 0, 22),
    (33, 'dinheiro', 0, 23),
    (33, 'dinheiro', 0, 24),
    (33, 'dinheiro', 0, 25),
    (33, 'dinheiro', 0, 26),
    (33, 'dinheiro', 0, 27),
    (40, 'dinheiro', 0, 28),
    (40, 'dinheiro', 0, 29),
    (40, 'dinheiro', 0, 30),
    (40, 'dinheiro', 0, 31),
    (40, 'cartao de credito', 1, 32),
    (40, 'cartao de credito', 1, 33),
    (40, 'cartao de credito', 1, 34),
    (40, 'cartao de credito', 1, 35),
    (15.5, 'cartao de credito', 1, 36),
    (15.5, 'cartao de credito', 1, 37),
    (15.5, 'cartao de credito', 1, 38),
    (15.5, 'cartao de credito', 1, 39),
    (15.5, 'cartao de credito', 1, 40),
    (40, 'cartao de credito', 1, 41),
    (50, 'cartao de credito', 1, 42),
    (50, 'cartao de credito', 1, 43),
    (50, 'cartao de credito', 1, 44),
    (50, 'cartao de credito', 1, 45),
    (50, 'cartao de debito', 0, 46),
    (50, 'cartao de debito', 0, 47),
    (50, 'cartao de debito', 0, 48),
    (50, 'cartao de debito', 0, 49),
    (50, 'cartao de debito', 0, 50),
    (50, 'cartao de debito', 0, 51),
    (50, 'cartao de debito', 0, 52),
    (55, 'cartao de debito', 0, 53),
    (17, 'cartao de debito', 0, 54),
    (13, 'cartao de debito', 0, 55),
    (10, 'pix', 0, 56),
    (22, 'pix', 0, 57),
    (18, 'pix', 0, 58),
    (40, 'pix', 0, 59),
    (32, 'pix', 0, 60),
    (10, 'pix', 0, 61),
    (43.5, 'cartao de debito', 2, 62),
    (10, 'cartao de debito', 2, 63),
    (45, 'cartao de debito', 2, 64),
    (45, 'cartao de debito', 2, 65),
    (45, 'cartao de debito', 2, 66),
    (45, 'cartao de debito', 2, 67),
    (45, 'cartao de debito', 2, 68),
    (45, 'cartao de debito', 2, 69),
    (45, 'pix', 0, 70),
    (45, 'pix', 0, 71),
    (45, 'pix', 0, 72),
    (45, 'pix', 0, 73),
    (45, 'cartao de credito', 1, 74),
    (45, 'cartao de credito', 1, 75),
    (45, 'cartao de credito', 1, 76),
    (45, 'cartao de credito', 1, 77),
    (45, 'cartao de credito', 1, 78),
    (45, 'cartao de credito', 3, 79),
    (50, 'cartao de credito', 3, 80),
    (50, 'cartao de credito', 2, 81),
    (60, 'cartao de credito', 2, 82),
    (60, 'cartao de debito', 2, 83),
    (40, 'cartao de debito', 1, 84),
    (40, 'cartao de debito', 1, 85),
    (35, 'cartao de debito', 1, 86),
    (45, 'cartao de debito', 1, 87),
    (10, 'cartao de debito', 1, 88),
    (100, 'cartao de debito', 3, 89),
    (100, 'cartao de debito', 4, 90),
    (100, 'cartao de debito', 0, 91),
    (45, 'dinheiro', 0, 92),
    (45, 'dinheiro', 0, 93),
    (50, 'dinheiro', 0, 94),
    (50, 'dinheiro', 0, 95),
    (40, 'dinheiro', 0, 96),
    (40, 'dinheiro', 0, 97),
    (40, 'dinheiro', 0, 98),
    (40, 'dinheiro', 0, 99),
     (40, 'dinheiro', 0, 100),
    (40, 'dinheiro', 0, 101),
    (40, 'pix', 0, 102),
    (40, 'pix', 0, 103),
    (60, 'pix', 0, 104),
    (40, 'pix', 0, 105),
    (60, 'pix', 0, 106),
    (37, 'pix', 0, 107),
    (40, 'pix', 0, 108),
    (42, 'pix', 0, 109),
    (42, 'pix', 0, 110),
    (42, 'cartao de debito', 0, 111),
    (42, 'cartao de debito', 0, 112),
    (42, 'cartao de debito', 0, 113),
    (42, 'cartao de debito', 0, 114),
    (42, 'cartao de debito', 0, 115),
    (8, 'cartao de debito', 0, 116),
    (8, 'cartao de debito', 0, 117),
    (4, 'cartao de debito', 0, 118),
    (2.2, 'cartao de debito', 0, 119),
    (8, 'pix', 0, 120),
    (6, 'pix', 0, 121),
    (5, 'pix', 0, 122),
    (7, 'pix', 0, 123),
    (5, 'pix', 0, 124),
    (7, 'pix', 0, 125),
    (13, 'pix', 0, 126),
    (10, 'pix', 0, 127),
    (5, 'pix', 0, 128),
    (9, 'cartao de credito', 3, 129),
    (10, 'cartao de credito', 3, 130),
    (12, 'cartao de credito', 2, 131),
    (40, 'cartao de credito', 3, 132),
    (12, 'cartao de credito', 3, 133),
    (30, 'cartao de credito', 1, 134),
    (10, 'cartao de credito', 2, 135),
    (15, 'cartao de credito', 4, 136),
    (25, 'cartao de credito', 4, 137),
    (65, 'cartao de credito', 2, 138),
    (30, 'cartao de credito', 3, 139),
    (10, 'pix', 0, 140),
    (35, 'pix', 0, 141),
    (10, 'pix', 0, 142),
    (27, 'pix', 0, 143),
    (13, 'pix', 0, 144),
    (20, 'cartao de credito', 2, 145),
    (42, 'cartao de credito', 2, 146),
    (25, 'cartao de credito', 3, 147),
    (25, 'cartao de credito', 2, 148),
    (25, 'cartao de credito', 1, 149),
    (25, 'cartao de credito', 2, 150),
    (25, 'cartao de credito', 3, 151),
    (25, 'cartao de credito', 2, 152),
    (5, 'cartao de credito', 2, 153),
    (7, 'cartao de credito', 2, 154),
    (15, 'cartao de credito', 2, 155),
    (10, 'cartao de credito', 2, 156),
    (5, 'cartao de credito', 1, 157),
    (8, 'cartao de credito', 4, 158),
    (10, 'cartao de credito', 3, 159),
    (10, 'cartao de credito', 4, 160),
    (37, 'cartao de credito', 3, 161),
    (15, 'cartao de credito', 3, 162),
    (28, 'cartao de credito', 3, 163),
    (10, 'cartao de credito', 3, 164),
    (15, 'cartao de credito', 3, 165),
    (25, 'cartao de credito', 1, 166),
    (60, 'cartao de credito', 2, 167),
    (30, 'cartao de credito', 1, 168),
    (10, 'cartao de credito', 1, 169),
    (50, 'cartao de credito', 3, 170),
    (50, 'cartao de credito', 3, 171),
    (50, 'cartao de credito', 3, 172),
    (50, 'cartao de credito', 2, 173),
    (20, 'cartao de credito', 2, 174),
    (45, 'cartao de credito', 4, 175),
    (20, 'cartao de credito', 4, 176),
    (15, 'cartao de credito', 4, 177),
    (10, 'cartao de credito', 3, 178),
    (25, 'pix', 0, 179),
    (20, 'pix', 0, 180),
    (42, 'pix', 0, 181),
    (35, 'pix', 0, 182),
    (12, 'pix', 0, 183),
    (50, 'pix', 0, 184),
    (10, 'pix', 0, 185),
    (35, 'pix', 0, 186),
    (30, 'cartao de debito', 0, 187),
    (15, 'cartao de debito', 0, 188),
    (60, 'cartao de debito', 0, 189),
    (25, 'cartao de debito', 0, 190),
    (45, 'cartao de debito', 0, 191),
    (20, 'cartao de debito', 0, 192),
    (5, 'cartao de debito', 0, 193),
    (25, 'cartao de debito', 0, 194),
    (20, 'cartao de debito', 0, 195),
    (10, 'cartao de debito', 0, 196),
    (15, 'cartao de debito', 0, 197),
    (20, 'cartao de debito', 0, 198),
    (20, 'cartao de debito', 0, 199),
    (20, 'cartao de credito', 2, 200),
    (20, 'cartao de credito', 4, 201),
    (20, 'cartao de credito', 2, 202),
    (50, 'cartao de credito', 3, 203),
    (60, 'cartao de credito', 1, 204),
    (100, 'cartao de credito', 1, 205),
    (35, 'cartao de credito', 1, 206),
    (60, 'cartao de credito', 3, 207),
    (100, 'cartao de credito', 4, 208),
    (60, 'cartao de credito', 1, 209),
    (100, 'cartao de credito', 1, 210),
    (5, 'dinheiro', 0, 211),
    (5, 'dinheiro', 0, 212),
    (5, 'dinheiro', 0, 213),
    (5, 'dinheiro', 0, 214),
    (5, 'dinheiro', 0, 215),
    (5, 'cartao de credito', 1, 216),
    (7, 'cartao de credito', 1, 217),
    (13, 'cartao de credito', 1, 218),
    (10, 'cartao de credito', 1, 219),
    (5, 'cartao de credito', 1, 220),
    (8, 'cartao de credito', 1, 221),
    (10, 'cartao de credito', 1, 222),
    (12, 'dinheiro', 0, 223),
    (35, 'dinheiro', 0, 224),
    (15, 'dinheiro', 0, 225),
    (30, 'dinheiro', 0, 226),
    (8, 'dinheiro', 0, 227),
    (15, 'pix', 0, 228),
    (21.50, 'pix', 0, 229),
    (60, 'pix', 0, 230),
    (27.5, 'pix', 0, 231),
    (9, 'pix', 0, 232),
    (38, 'cartao de debito', 0, 233),
    (10, 'cartao de debito', 0, 234),
    (30, 'cartao de debito', 0, 235),
    (15, 'cartao de debito', 0, 236),
    (17.5, 'cartao de debito', 0, 237),
    (45, 'cartao de credito', 2, 238),
    (20, 'cartao de credito', 1, 239),
    (15, 'cartao de credito', 1, 240),
    (10, 'cartao de credito', 1, 241),
    (25, 'cartao de credito', 1, 242),
    (20, 'cartao de credito', 1, 243),
    (42, 'cartao de credito', 2, 244),
    (35, 'cartao de credito', 2, 245),
    (12, 'cartao de credito', 1, 246),
    (50, 'cartao de credito', 2, 247),
    (10, 'cartao de credito', 1, 248),
    (40, 'pix', 0, 249),
    (30, 'pix', 0, 250),
    (15, 'pix', 0, 251),
    (80, 'pix', 0, 252),
    (25, 'pix', 0, 253),
    (45, 'pix', 0, 254),
    (20, 'pix', 0, 255),
    (5, 'pix', 0, 256),
    (25, 'pix', 0, 257),
    (20, 'pix', 0, 258),
    (10, 'cartao de credito', 1, 259),
    (15, 'cartao de credito', 1, 260),
    (5, 'cartao de credito', 1, 261),
    (5, 'cartao de credito', 1, 262),
    (5, 'cartao de credito', 1, 263);


INSERT INTO servico (nome, valor)
values ('Aferição de Pressão', 10.00), 
    ('Administração de Vacina', 30.00),
    ('Teste de Glicose', 15.50),
    ('Entrega de Medicamentos', 5.00),
	('Exame de Sangue', 40.00),
    ('Consulta de Enfermagem', 45.00),
    ('Massagem Terapêutica', 65.00),
    ('Acompanhamento Nutricional', 45.00),
    ('Aluguel de Cadeira de Rodas', 25.00),
    ('recargar de celular', 20.00), 
    ('perfuração de brinco', 25.00),
	('Teste de COVID-19', 45.00),
	('Exame de Colesterol', 35.00),
	('Radiografia de Tórax', 55.00);
    
  INSERT INTO itensvendaservico (Funcionario_cpf, Venda_idVenda, Servico_idServico, valorVenda, quantidade, desconto )  
  values  ('333.444.555-66', 1, 1, 10.00, 1, null),
    ('123.456.789-04', 2, 1, 10.01, 1, null),
    ('666.777.888-99', 3, 1, 10.02, 1, null),
    ('333.444.555-66', 4, 1, 10.03, 1, null),
    ('123.456.789-04', 5, 1, 10.04, 1, null),
    ('666.777.888-99', 6, 1, 10.05, 1, null),
    ('333.444.555-66', 7, 1, 10.06, 1, null),
    ('123.456.789-04', 8, 1, 10.07, 1, null),
    ('666.777.888-99', 9, 1, 10.08, 1, null),
    ('333.444.555-66', 10, 1, 10.09, 1, null),
    ('123.456.789-04', 11, 1, 10.10, 1, null),
    ('666.777.888-99', 12, 1, 10.11, 1, null),
    ('333.444.555-66', 13, 1, 10.12, 1, null),
    ('123.456.789-04', 14, 1, 10.13, 1, null),
    ('666.777.888-99', 15, 1, 10.14, 1, null),
    ('999.000.111-22', 16, 1, 10.15, 1, null),
    ('123.456.789-03', 17, 10, 20.00, 1, null),
    ('123.456.789-01', 18, 10, 20.00, 1, null),
    ('666.777.888-99', 19, 10, 20.00, 1, null),
    ('123.456.789-04', 36, 3, 15.50, 1, null),
    ('666.777.888-99', 37, 3, 15.51, 1, null),
    ('666.777.888-99', 38, 3, 15.52, 1, null),
    ('123.456.789-04', 39, 3, 15.53, 1, null),
    ('214.234.284-23', 40, 3, 15.54, 1, null),
    ('214.234.284-23', 43, 11, 25.00, 1, null),
    ('214.234.284-23', 44, 11, 25.00, 1, null),
    ('214.234.284-23', 45, 11, 25.00, 1, null),
    ('214.234.284-23', 46, 11, 25.00, 1, null),
    ('123.456.789-04', 47, 2, 30.00, 1, null),
    ('666.777.888-99', 48, 2, 30.00, 1, null),
    ('666.777.888-99', 49, 2, 30.00, 1, null),
    ('123.456.789-04', 50, 2, 30.00, 1, null),
    ('666.777.888-99', 51, 2, 30.00, 1, null),
    ('666.777.888-99', 52, 2, 30.00, 1, null),
    ('777.888.999-00', 64, 12, 45.00, 1, null),
    ('444.555.666-77', 65, 12, 45.00, 1, null),
    ('111.222.333-44', 66, 12, 45.00, 1, null),
    ('888.999.000-11', 67, 12, 45.00, 1, null),
    ('251.547.698-01', 68, 12, 45.00, 1, null),
    ('214.234.284-23', 69, 12, 45.00, 1, null),
    ('333.444.555-66', 70, 12, 45.00, 1, null),
    ('123.456.789-04', 71, 12, 45.00, 1, null),
    ('666.777.888-99', 72, 12, 45.00, 1, null),
    ('777.888.999-00', 73, 12, 45.00, 1, null),
    ('444.555.666-77', 74, 12, 45.00, 1, null),
    ('111.222.333-44', 75, 12, 45.00, 1, null),
    ('888.999.000-11', 76, 12, 45.00, 1, null),
    ('251.547.698-01', 77, 12, 45.00, 1, null),
    ('214.234.284-23', 78, 12, 45.00, 1, null),
    ('333.444.555-66', 79, 12, 45.00, 1, null),
    ('123.456.789-04', 80, 13, 35.00, 1, null),
    ('666.777.888-99', 81, 13, 35.00, 1, null),
    ('333.444.555-66', 82, 13, 35.00, 1, null),
    ('123.456.789-04', 83, 13, 35.00, 1, null),
    ('666.777.888-99', 84, 13, 35.00, 1, null),
    ('333.444.555-66', 85, 13, 35.00, 1, null),
    ('123.456.789-04', 86, 13, 35.00, 1, null),
    ('784.345.810-34', 91, 6, 45.00, 1, null),
    ('333.444.555-66', 92, 6, 45.00, 1, null),
    ('123.456.789-04', 93, 7, 65.00, 1, null),
    ('666.777.888-99', 94, 7, 65.00, 1, null),
    ('333.444.555-66', 96, 5, 40.00, 1, null),
    ('123.456.789-04', 97, 5, 40.00, 1, null),
    ('666.777.888-99', 98, 5, 40.00, 1, null),
    ('333.444.555-66', 99, 5, 40.00, 1, null),
    ('123.456.789-04', 100, 5, 40.00, 1, null),
    ('666.777.888-99', 101, 5, 40.00, 1, null),
    ('555.666.777-88', 147, 9, 25.00, 1, null),
    ('123.456.789-02', 148, 9, 25.00, 1, null),
    ('555.666.777-88', 149, 9, 25.00, 1, null),
    ('123.456.789-02', 150, 9, 25.00, 1, null),
    ('555.666.777-88', 151, 9, 25.00, 1, null),
    ('123.456.789-02', 152, 9, 25.00, 1, null),
    ('333.444.555-66', 170, 14, 55.00, 1, null),
    ('123.456.789-04', 171, 14, 55.00, 1, null),
    ('666.777.888-99', 172, 14, 55.00, 1, null),
    ('333.444.555-66', 173, 14, 55.00, 1, null),
    ('999.000.111-22', 198, 10, 20.00, 1, null),
    ('123.456.789-03', 199, 10, 20.00, 1, null),
    ('123.456.789-01', 200, 10, 20.00, 1, null),
    ('666.777.888-99', 201, 10, 20.00, 1, null),
    ('784.345.810-34', 202, 10, 20.00, 1, null),
    ('987.654.321-10', 211, 4, 5.00, 1, null),
    ('987.654.321-10', 212, 4, 5.00, 1, null),
    ('987.654.321-10', 213, 4, 5.00, 1, null),
    ('987.654.321-10', 214, 4, 5.00, 1, null),
    ('987.654.321-10', 215, 4, 5.00, 1, null),
    ('987.654.321-10', 261, 4, 5.00, 1, null),
    ('987.654.321-10', 262, 4, 5.00, 1, null),
    ('987.654.321-10', 263, 4, 5.00, 1, null);

INSERT INTO produto(nome, valor, quantidade, dataValidade, lote)
values('Paracetamol', 5.00, 50, '2024-01-01', 'Lote A123'),
('Ibuprofeno', 7.00, 50, '2024-01-15', 'Lote B456'),
('Amoxicilina', 15.00, 50, '2024-01-29', 'Lote C789'),
('Omeprazol', 10.00, 50, '2024-02-12', 'Lote D101'),
('Cetirizina', 8.00, 50, '2024-02-26', 'Lote E202'),
('Loratadina', 9.00, 50, '2024-03-11', 'Lote F303'),
('Ranitidina', 10.00, 50, '2024-03-25', 'Lote G404'),
('Metformina', 12.00, 50, '2024-04-08', 'Lote H505'),
('Insulina', 40.00, 50, '2024-04-22', 'Lote I606'),
('Lisinopril', 15.00, 50, '2024-05-06', 'Lote J707'),
('Simvastatina', 20.00, 50, '2024-05-20', 'Lote K808'),
('Levothyroxine', 10.00, 50, '2024-06-03', 'Lote L909'),
('Alprazolam', 15.00, 50, '2024-06-17', 'Lote M010'),
('Prozac', 25.00, 50, '2024-07-01', 'Lote N111'),
('Morphine', 50.00, 50, '2024-07-15', 'Lote O212'),
('Ritalin', 30.00, 50, '2024-07-29', 'Lote P313'),
('Prednisone', 10.00, 50, '2024-08-12', 'Lote Q414'),
('Amiodarone', 40.00, 50, '2024-08-26', 'Lote R515'),
('Warfarin', 10.00, 50, '2024-09-09', 'Lote S616'),
('Gabapentin', 20.00, 50, '2024-09-23', 'Lote T717'),
('Metoprolol', 15.00, 50, '2024-10-07', 'Lote U818'),
('Ventolin', 20.00, 50, '2024-10-21', 'Lote V919'),
('Insulin Lispro', 45.00, 50, '2024-11-04', 'Lote W020'),
('Valsartan', 20.00, 50, '2024-11-18', 'Lote X121'),
('Tramadol', 15.00, 50, '2024-12-02', 'Lote Y222'),
('Codeine', 10.00, 50, '2024-12-16', 'Lote Z323'),
('Xanax', 25.00, 50, '2024-12-30', 'Lote AA424'),
('Zoloft', 20.00, 50, '2025-01-13', 'Lote BB525'),
('Methadone', 60.00, 30, '2025-01-27', 'Lote CC626'),
('Lexapro', 35.00, 30, '2025-02-10', 'Lote DD727'),
('Furosemide', 12.00, 30, '2025-02-24', 'Lote EE828'),
('Adderall', 50.00, 30, '2025-03-10', 'Lote FF929'),
('Propranolol', 10.00, 30, '2025-03-24', 'Lote GG030'),
('Seroquel', 40.00, 30, '2025-04-07', 'Lote HH131'),
('Valium', 30.00, 30, '2025-04-21', 'Lote II232'),
('Prednisolone', 15.00, 30, '2025-05-05', 'Lote JJ333'),
('Suboxone', 80.00, 30, '2025-05-19', 'Lote KK434'),
('Topamax', 25.00, 30, '2025-06-02', 'Lote LL535'),
('Risperidone', 45.00, 30, '2025-06-16', 'Lote MM636'),
('Ciprofloxacino', 20.00, 30, '2025-06-30', 'Lote NN737'),
('Dipirona', 5.00, 100, '2025-07-14', 'Lote OO838'),
('Paroxetina', 25.00, 30, '2025-07-28', 'Lote PP939'),
('Sertralina', 20.00, 30, '2025-08-11', 'Lote QQ040'),
('Atenolol', 10.00, 50, '2025-08-25', 'Lote RR141'),
('Cefalexina', 15.00, 50, '2025-09-08', 'Lote SS242'),
('Fluoxetina', 20.00, 50, '2025-09-22', 'Lote TT343'),
('Dexametasona', 15.00, 50, '2025-10-06', 'Lote UU444'),
('Metronidazol', 10.00, 50, '2025-10-20', 'Lote VV545'),
('Cetoprofeno', 12.00, 50, '2025-11-03', 'Lote WW646'),
('Lorazepam', 10.00, 50, '2025-11-17', 'Lote XX747'),
('Diazepam', 15.00, 50, '2025-12-01', 'Lote YY848'),
('Ondansetrona', 20.00, 50, '2025-12-15', 'Lote ZZ949'),
('Metoclopramida', 15.00, 50, '2025-12-29', 'Lote AAA50'),
('Escitalopram', 30.00, 50, '2025-12-30', 'Lote BBB51'),
('Rosuvastatina', 25.00, 50, '2025-12-31', 'Lote CCC52'),
('Tadalafil', 50.00, 50, '2026-01-01', 'Lote DDD53'),
('Sildenafil', 40.00, 50, '2026-01-02', 'Lote EEE54'),
('Atorvastatina', 20.00, 50, '2026-01-03', 'Lote FFF55'),
('Lansoprazol', 15.00, 50, '2026-01-04', 'Lote GGG56'),
('Naproxeno', 10.00, 50, '2026-01-05', 'Lote HHH57'),
('Candesartan', 25.00, 50, '2026-01-06', 'Lote III58'),
('Losartan', 20.00, 50, '2026-01-07', 'Lote JJJ59'),
('Duloxetina', 30.00, 50, '2026-01-08', 'Lote KKK60'),
('Pregabalina', 35.00, 50, '2026-01-09', 'Lote LLL61'),
('Citalopram', 25.00, 50, '2026-01-10', 'Lote MMM62'),
('Venlafaxina', 40.00, 50, '2026-01-11', 'Lote NNN63'),
('Budesonida', 18.00, 50, '2026-01-12', 'Lote OOO64'),
('Salbutamol', 15.00, 50, '2026-01-13', 'Lote PPP65'),
('Montelucaste', 25.00, 50, '2026-01-14', 'Lote QQQ66'),
('Fexofenadina', 20.00, 50, '2026-01-15', 'Lote RRR67'),
('Amoxicilina/Ácido Clavulânico', 25.00, 40, '2026-01-16', 'Lote SSS68'),
('Levofloxacino', 30.00, 40, '2026-01-17', 'Lote TTT69'),
('Amlodipina', 20.00, 40, '2026-01-18', 'Lote UUU70'),
('Rivotril (Clonazepam)', 35.00, 40, '2026-01-19', 'Lote VVV71'),
('Zopiclona', 25.00, 40, '2026-01-20', 'Lote WWW72'),
('Olanzapina', 45.00, 40, '2026-01-21', 'Lote XXX73'),
('Quetiapina', 40.00, 40, '2026-01-22', 'Lote YYY74'),
('Desloratadina', 15.00, 40, '2026-01-23', 'Lote ZZZ75'),
('Loperamida', 10.00, 40, '2026-01-24', 'Lote AAAA76'),
('Sabonete', 3.00, 30, '2026-01-25', 'Lote BBBB77'),
('Shampoo', 8.00, 30, '2026-01-26', 'Lote CCCC78'),
('Condicionador', 8.00, 30, '2026-01-27', 'Lote DDDD79'),
('Creme dental', 4.00, 30, '2026-01-28', 'Lote EEEE80'),
('Escova de dentes', 3.00, 30, '2026-01-29', 'Lote FFFF81'),
('Desodorante', 10.00, 30, '2026-01-30', 'Lote GGGG82'),
('Sabonete líquido para as mãos', 6.00, 30, '2026-01-31', 'Lote HHHH83'),
('Papel higiênico', 5.00, 30, '2026-02-01', 'Lote IIII84'),
('Lenços umedecidos', 7.00, 30, '2026-02-02', 'Lote JJJJ85'),
('Fio dental', 3.00, 30, '2026-02-03', 'Lote KKKK86'),
('Algodão', 4.00, 30, '2026-02-04', 'Lote LLLL87'),
('Absorventes higiênicos', 8.00, 30, '2026-02-05', 'Lote MMMM88'),
('Escova de cabelo', 10.00, 30, '2026-02-06', 'Lote NNNN89'),
('Pente', 5.00, 30, '2026-02-07', 'Lote OOOO90'),
('Gel de banho', 12.00, 30, '2026-02-08', 'Lote PPPP91'),
('Loção pós-barba', 10.00, 25, '2026-02-09', 'Lote QQQQ92'),
('Creme de barbear', 8.00, 25, '2026-02-10', 'Lote RRRR93'),
('Hidratante corporal', 15.00, 25, '2026-02-11', 'Lote SSSS94'),
('Talco para os pés', 7.00, 25, '2026-02-12', 'Lote TTTT95'),
('Enxaguante bucal', 10.00, 25, '2026-02-13', 'Lote UUUU96'),
('Pomada para queimaduras', 10.00, 25, '2026-02-14', 'Lote VVVV97'),
('Pomada antibiótica', 8.00, 25, '2026-02-15', 'Lote WWWW98'),
('Creme antifúngico', 9.00, 25, '2026-02-16', 'Lote XXXX99'),
('Creme antisséptico', 9.00, 25, '2026-02-17', 'Lote YYYY100'),
('Creme hidratante para o rosto', 12.00, 25, '2026-02-18', 'Lote ZZZZ101'),
('Creme para psoríase', 10.00, 25, '2026-02-19', 'Lote AAAA102'),
('Creme para eczema', 10.00, 25, '2026-02-20', 'Lote BBBB103'),
('Pomada para hemorroidas', 10.00, 25, '2026-02-21', 'Lote CCCC104'),
('Creme para pele seca', 12.00, 25, '2026-02-22', 'Lote DDDD105'),
('Pomada para picadas de insetos', 9.00, 25, '2026-02-23', 'Lote EEEE106'),
('Creme para estrias', 12.00, 25, '2026-02-24', 'Lote FFFF107'),
('Pomada para contusões', 10.00, 25, '2026-02-25', 'Lote GGGG108'),
('Pomada para dor muscular', 12.00, 25, '2026-02-26', 'Lote HHHH109'),
('Bandagens adesivas', 7.00, 40, '2026-02-27', 'Lote IIII110'),
('Gaze estéril', 8.00, 40, '2026-02-28', 'Lote JJJJ111'),
('Esparadrapo', 6.00, 40, '2026-03-01', 'Lote KKKK112'),
('Algodão hidrófilo', 5.00, 40, '2026-03-02', 'Lote LLLL113'),
('Ataduras', 10.00, 40, '2026-03-03', 'Lote MMMM114'),
('Luvas de procedimento', 15.00, 40, '2026-03-04', 'Lote NNNN115'),
('Álcool isopropílico', 7.00, 40, '2026-03-05', 'Lote OOOO116'),
('Solução salina', 8.00, 40, '2026-03-06', 'Lote PPPP117'),
('Antisséptico para feridas', 6.00, 40, '2026-03-07', 'Lote QQQQ118'),
('Tesoura de primeiros socorros', 12.00, 40, '2026-03-08', 'Lote RRRR119'),
('Pinça esterilizada', 10.00, 40, '2026-03-09', 'Lote SSSS120'),
('Curativos esterilizados', 9.00, 40, '2026-03-10', 'Lote TTTT121'),
('Adesivo líquido para pele', 10.00, 40, '2026-03-11', 'Lote UUUU122'),
('Curativo transparente', 8.00, 40, '2026-03-12', 'Lote VVVV123'),
('Curativo de espuma', 12.00, 40, '2026-03-13', 'Lote WWWW124'),
('Curativo de hidrogel', 12.00, 40, '2026-03-14', 'Lote XXXX125'),
('Almofadas de algodão para os olhos', 5.00, 40, '2026-03-15', 'Lote YYYY126'),
('Compressas de gaze esterilizadas', 7.00, 40, '2026-03-16', 'Lote ZZZZ127'),
('Curativo para bolhas', 6.00, 40, '2026-03-17', 'Lote AAAA128'),
('Calcanheiras de silicone', 9.00, 40, '2026-03-18', 'Lote BBBB129'),
('Máscaras faciais descartáveis', 15.00, 40, '2026-03-19', 'Lote CCCC130'),
('Termômetro digital', 20.00, 40, '2026-03-20', 'Lote DDDD131'),
('Solução salina nasal', 8.00, 40, '2026-03-21', 'Lote EEEE132'),
('Óculos de leitura', 15.00, 40, '2026-03-22', 'Lote FFFF133'),
('Lâminas de barbear descartáveis', 5.00, 40, '2026-03-23', 'Lote GGGG134'),
('Antisséptico bucal', 9.00, 40, '2026-03-24', 'Lote HHHH135'),
('Seringas descartáveis', 10.00, 40, '2026-03-25', 'Lote IIII136'),
('Agulhas para insulina', 15.00, 40, '2026-03-26', 'Lote JJJJ137'),
('Creme dental infantil', 5.00, 40, '2026-03-27', 'Lote KKKK138'),
('Escova de dentes infantil', 4.00, 40, '2026-03-28', 'Lote LLLL139'),
('Protetor solar', 25.00, 40, '2026-03-29', 'Lote MMMM140'),
('Loção repelente de insetos', 12.00, 40, '2026-03-30', 'Lote NNNN141'),
('Álcool em gel', 10.00, 40, '2026-03-31', 'Lote OOOO142'),
('Sabonete líquido íntimo', 15.00, 40, '2026-04-01', 'Lote PPPP143'),
('Protetor auricular', 3.00, 40, '2026-04-02', 'Lote QQQQ144'),
('Fraldas descartáveis para adultos', 30.00, 40, '2026-04-03', 'Lote RRRR145'),
('Sonda urinária', 8.00, 40, '2026-04-04', 'Lote SSSS146'),
('Lancetas para glicemia', 20.00, 40, '2026-04-05', 'Lote TTTT147'),
('Muletas', 40.00, 40, '2026-04-06', 'Lote UUUU148'),
('Cadeira de rodas', 200.00, 40, '2026-04-07', 'Lote VVVV149'),
('Colchonete de espuma', 60.00, 40, '2026-04-08', 'Lote WWWW150'),
('Inalador', 40.00, 40, '2026-04-09', 'Lote XXXX151'),
('Nebulizador', 50.00, 40, '2026-04-10', 'Lote YYYY152'),
('Medidor de pressão arterial', 50.00, 40, '2026-04-11', 'Lote ZZZZ153'),
('Oxímetro de pulso', 40.00, 40, '2026-04-12', 'Lote AAAA154'),
('Teste de gravidez', 10.00, 40, '2026-04-13', 'Lote BBBB155'),
('Teste de ovulação', 20.00, 40, '2026-04-14', 'Lote CCCC156'),
('Teste de glicemia', 30.00, 40, '2026-04-15', 'Lote DDDD157'),
('Saco de água quente', 15.00, 40, '2026-04-16', 'Lote EEEE158'),
('Bolsa de gelo', 8.00, 40, '2026-04-17', 'Lote FFFF159'),
('Cinta pós-cirúrgica', 35.00, 40, '2026-04-18', 'Lote GGGG160'),
('Palmilhas ortopédicas', 25.00, 40, '2026-04-19', 'Lote HHHH161'),
('Meias de compressão', 30.00, 40, '2026-04-20', 'Lote IIII162'),
('Colírio lubrificante', 12.00, 40, '2026-04-21', 'Lote JJJJ163'),
('Antialérgicos para os olhos', 15.00, 40, '2026-04-22', 'Lote KKKK164'),
('Soro fisiológico para os olhos', 8.00, 40, '2026-04-23', 'Lote LLLL165'),
('Tampões de ouvido para natação', 5.00, 40, '2026-04-24', 'Lote MMMM166'),
('Travesseiro cervical', 40.00, 40, '2026-04-25', 'Lote NNNN167'),
('Aparelho de barbear elétrico', 80.00, 40, '2026-04-26', 'Lote OOOO168'),
('Termômetro infravermelho', 60.00, 40, '2026-04-27', 'Lote PPPP169'),
('Supositórios infantis', 15.00, 40, '2026-04-28', 'Lote QQQQ170'),
('Supositórios para constipação', 12.00, 40, '2026-04-29', 'Lote RRRR171'),
('Almofadas térmicas', 30.00, 40, '2026-04-30', 'Lote SSSS172'),
('Escovas de dentes elétricas', 50.00, 40, '2026-05-01', 'Lote TTTT173'),
('Pinças para sobrancelhas', 10.00, 40, '2026-05-02', 'Lote UUUU174'),
('Lentes de contato', 60.00, 40, '2026-05-03', 'Lote VVVV175'),
('Ursacol', 100.00, 5, '2026-05-04', 'Lote WWWW176'),
('Protetor labial', 5.00, 15, '2026-05-05', 'Lote XXXX177'),
('Lenços de papel', 4.00, 10, '2026-05-06', 'Lote YYYY178'),
('Bolsa térmica', 20.00, 5, '2026-05-07', 'Lote ZZZZ179'),
('Comprimidos para enjoo', 15.00, 40, '2026-05-08', 'Lote AAAA180'),
('Lâminas de barbear para mulheres', 12.00, 10, '2026-05-09', 'Lote BBBB181'),
('Espuma de barbear', 10.00, 6, '2026-05-10', 'Lote CCCC182'),
('Tesoura de unhas', 3.00, 5, '2026-05-11', 'Lote DDDD183'),
('Aparelho de medir glicose', 50.00, 10, '2026-05-12', 'Lote EEEE184'),
('Solução para lavagem nasal', 8.00, 30, '2026-05-13', 'Lote FFFF185'),
('Adesivos antirronco', 15.00, 20, '2026-05-14', 'Lote GGGG186'),
('Creme para olheiras', 18.00, 5, '2026-05-15', 'Lote HHHH187'),
('Creme pós-barba', 12.00, 6, '2026-05-16', 'Lote IIII188'),
('Colírio para alergias oculares', 15.00, 30, '2026-05-17', 'Lote JJJJ189'),
('Creme depilatório', 20.00, 10, '2026-05-18', 'Lote KKKK190'),
('Gel lubrificante íntimo', 15.00, 8, '2026-05-19', 'Lote LLLL191'),
('Máscara para cílios', 18.00, 5, '2026-05-20', 'Lote MMMM192'),
('Rímel à prova d\'água', 20.00, 5, '2026-05-21', 'Lote NNNN193'),
('Batom hidratante', 10.00, 5, '2026-05-22', 'Lote OOOO194'),
('Protetor solar labial', 8.00, 10, '2026-05-23', 'Lote PPPP195'),
('Cotonetes de silicone', 10.00, 10, '2026-05-24', 'Lote QQQQ196'),
('Desinfetante para mãos com fragrância', 8.00, 5, '2026-05-25', 'Lote RRRR197'),
('Esfoliante facial', 15.00, 5, '2026-05-26', 'Lote SSSS198'),
('Shampoo anticaspa', 12.00, 5, '2026-05-27', 'Lote TTTT199'),
('Condicionador para cabelos secos', 12.00, 5, '2026-05-28', 'Lote UUUU200'),
('Ampolas de tratamento capilar', 25.00, 5, '2026-05-29', 'Lote VVVV201'),
('Sabonete líquido esfoliante', 10.00, 5, '2026-05-30', 'Lote WWWW202'),
('Sabonete para peles sensíveis', 5.00, 5, '2026-05-31', 'Lote XXXX203'),
('Esponja de banho', 5.00, 5, '2026-06-01', 'Lote YYYY204'),
('Alicate de cutícula', 8.00, 5, '2026-06-02', 'Lote ZZZZ205'),
('Base de unhas', 6.00, 5, '2026-06-03', 'Lote AAAA206'),
('Esmalte para unhas', 7.00, 5, '2026-06-04', 'Lote BBBB207'),
('Removedor de esmalte', 5.00, 5, '2026-06-05', 'Lote CCCC208'),
('Óleo de cutícula', 10.00, 4, '2026-06-06', 'Lote DDDD209'),
('Solução de ácido hialurônico', 30.00, 10, '2026-06-07', 'Lote EEEE210'),
('Máscara facial de argila', 20.00, 5, '2026-06-08', 'Lote FFFF211'),
('Sais de banho', 12.00, 6, '2026-06-09', 'Lote GGGG212'),
('Gel de banho esfoliante', 18.00, 7, '2026-06-10', 'Lote HHHH213'),
('Creme antirrugas', 25.00, 7, '2026-06-11', 'Lote IIII214');
  
INSERT INTO itensvendaprod (Venda_idVenda, Produto_Idproduto, valorDeVenda, quantidade, descontoProd)
values (1, 1, 5.00, 1, null), -- new.venda_idvenda --> 1 | new.valorVenda --> 5.00
    (2, 5, 5.00, 1, null), -- new.venda_idvenda --> 2
    (3, 41, 5.00, 1, null), -- new.venda_idvenda --> 3
    (4, 87, 5.00, 1, null), -- new.produto_idproduto --> 87
    (5, 90, 5.00, 1, null),
    (6, 93, 5.00, 1, null),
    (7, 1, 5.00, 1, null),
    (8, 5, 5.00, 1, null),
    (9, 41, 5.00, 1, null),
    (10, 87, 5.00, 1, null),
    (11, 90, 5.00, 1, null),
    (12, 93, 5.00, 1, null),
    (13, 41, 5.00, 1, null),
    (14, 41, 5.00, 1, null),
    (15, 41, 5.00, 1, null),
    (16, 41, 5.00, 1, null),
    (20, 187, 35.00, 1, null),
    (21, 163, 35.00, 1, null),
    (22, 176, 35.00, 1, null),
    (23, 178, 35.00, 1, 2),
    (24, 187, 35.00, 1, 2),
    (25, 187, 35.00, 1, 2),
    (26, 187, 35.00, 1, 2),
    (27, 187, 35.00, 1, 2),
    (28, 29, 42.00, 1, 2),
    (29, 29, 42.00, 1, 2),
    (30, 29, 42.00, 1, 2),
    (31, 29, 42.00, 1, 2),
    (32, 151, 40.00, 1, null),
    (33, 29, 42.00, 1, 2),
    (34, 29, 42.00, 1, 2),
    (35, 29, 42.00, 1, 2),
    (41, 154, 40.00, 1, null),
    (42, 155, 50.00, 1, null),
    (53, 172, 60.00, 1, 5),
    (54, 24, 20.00, 1, 3),
    (55, 25, 15.00, 1, 2),
    (56, 26, 10.00, 1, null),
    (57, 27, 25.00, 1, 3),
    (58, 28, 20.00, 1, 2),
    (59, 29, 42.00, 1, 2),
    (60, 30, 35.00, 1, 3),
    (61, 31, 12.00, 1, 2),
    (62, 32, 50.00, 1, 6.5),
    (63, 33, 10.00, 1, null),
    (80, 22, 20.00, 1, 5),
    (81, 28, 20.00, 1, 5),
    (82, 30, 35.00, 1, 10),
    (83, 35, 30.00, 1, 5),
    (84, 99, 10.00, 1, 5),
    (85, 100, 10.00, 1, 5),
    (86, 99, 10.00, 1, 10),
    (87, 100, 10.00, 1, null),
    (88, 179, 100.00, 1, null),
    (89, 179, 100.00, 1, null),
    (90, 179, 100.00, 1, null),
    (93, 216, 18.00, 1, null),
    (94, 216, 18.00, 1, 8),
    (102, 153, 60.00, 1, 10),
    (103, 154, 40.00, 1, 10),
    (104, 153, 60.00, 1, 10),
    (105, 154, 40.00, 1, 10),
    (106, 153, 60.00, 1, 5),
    (107, 154, 40.00, 1, 3),
    (108, 73, 45.00, 1, 5),
    (109, 74, 45.00, 1, 3),
    (110, 75, 45.00, 1, 3),
    (111, 76, 45.00, 1, 3),
    (112, 77, 45.00, 1, 3),
    (113, 78, 45.00, 1, 3),
    (114, 79, 45.00, 1, 3),
    (115, 80, 45.00, 1, 3),
    (116, 81, 8.00, 1, null),
    (117, 82, 8.00, 1, 2),
    (118, 83, 4.00, 1, null),
    (119, 84, 3.00, 1, 0.80),
    (120, 85, 10.00, 1, 2),
    (121, 86, 6.00, 1, null),
    (122, 87, 5.00, 1, 0.50),
    (123, 88, 7.00, 1, null),
    (124, 1, 5.00, 1, null),
    (125, 2, 7.00, 1, null),
    (126, 3, 15.00, 1, 2),
    (127, 4, 10.00, 1, null),
    (128, 5, 5.00, 1, null),
    (129, 6, 9.00, 1, null),
    (130, 7, 10.00, 1, null),
    (131, 8, 12.00, 1, null),
    (132, 9, 40.00, 1, null),
    (133, 10, 15.00, 1, 3),
    (134, 11, 30.00, 1, null),
    (135, 12, 10.00, 1, null),
    (136, 13, 15.00, 1, null),
    (137, 14, 25.00, 1, null),
    (138, 15, 65.00, 1, null),
    (139, 16, 30.00, 1, null),
    (140, 17, 10.00, 1, null),
    (141, 18, 40.00, 1, 5),
    (142, 19, 10.00, 1, null),
    (143, 20, 30.00, 1, 3),
    (144, 21, 15.00, 1, 2),
    (145, 22, 20.00, 1, null),
    (146, 23, 45.00, 1, 3),
    (147, 152, 200.00, 1, null),
    (148, 152, 200.00, 1, 2.50),
    (149, 152, 200.00, 1, 2.50),
    (150, 152, 200.00, 1, null),
    (151, 152, 200.00, 1, null),
    (152, 152, 200.00, 1, null),
    (153, 1, 5.00, 1, null),
    (154, 2, 7.00, 1, null),
    (155, 3, 15.00, 1, null),
    (156, 4, 10.00, 1, null),
    (157, 5, 5.00, 1, null),
    (158, 6, 9.00, 1, 1),
    (159, 7, 10.00, 1, null),
    (160, 8, 12.00, 1, 2),
    (161, 9, 40.00, 1, 3),
    (162, 10, 15.00, 1, null),
    (163, 11, 30.00, 1, 2),
    (164, 12, 10.00, 1, null),
    (165, 13, 15.00, 1, 2.50),
    (166, 14, 25.00, 1, null),
    (167, 15, 65.00, 1, 5),
    (168, 16, 30.00, 1, null),
    (169, 17, 10.00, 1, null),
    (174, 22, 20.00, 1, null),
    (175, 23, 45.00, 1, null),
    (176, 24, 20.00, 1, null),
    (177, 25, 15.00, 1, null),
    (178, 26, 10.00, 1, null),
    (179, 27, 25.00, 1, null),
    (180, 28, 20.00, 1, null),
    (181, 29, 42.00, 1, null),
    (182, 30, 35.00, 1, null),
    (183, 31, 12.00, 1, null),
    (184, 32, 50.00, 1, null),
    (185, 33, 10.00, 1, null),
    (186, 34, 40.00, 1, 5),
    (187, 35, 30.00, 1, null),
    (188, 36, 15.00, 1, null),
    (189, 37, 80.00, 1, 20),
    (190, 38, 25.00, 1, null),
    (191, 39, 45.00, 1, null),
    (192, 40, 20.00, 1, null),
    (193, 41, 5.00, 1, null),
    (194, 42, 25.00, 1, null),
    (195, 43, 20.00, 1, null),
    (196, 44, 10.00, 1, null),
    (197, 45, 15.00, 1, null),
    (203, 155, 50.00, 1, null),
    (204, 172, 60.00, 1, null),
    (205, 179, 100.00, 1, null),
    (206, 187, 35.00, 1, null),
    (207, 172, 60.00, 1, null),
    (208, 179, 100.00, 1, null),
    (209, 172, 60.00, 1, null),
    (210, 179, 100.00, 1, null),
    (216, 1, 5.00, 1, null),
    (217, 2, 7.00, 1, null),
    (218, 3, 15.00, 1, 2),
    (219, 4, 10.00, 1, null),
    (220, 5, 5.00, 1, null),
    (221, 6, 9.00, 1, 1),
    (222, 7, 10.00, 1, null),
    (223, 8, 12.00, 1, null),
    (224, 9, 40.00, 1, 5),
    (225, 10, 15.00, 1, null),
    (226, 11, 30.00, 1, null),
    (227, 12, 10.00, 1, 2),
    (228, 13, 15.00, 1, null),
    (229, 14, 25.00, 1, 3.5),
    (230, 15, 65.00, 1, 5),
    (231, 16, 30.00, 1, 2.5),
    (232, 17, 10.00, 1, 1),
    (233, 18, 40.00, 1, 2),
    (234, 19, 10.00, 1, null),
    (235, 20, 30.00, 1, null),
    (236, 21, 15.00, 1, null),
    (237, 22, 20.00, 1, 2.5),
    (238, 23, 45.00, 1, null),
    (239, 24, 20.00, 1, null),
    (240, 25, 15.00, 1, null),
    (241, 26, 10.00, 1, null),
    (242, 27, 25.00, 1, null),
    (243, 28, 20.00, 1, null),
    (244, 29, 42.00, 1, null),
    (245, 30, 35.00, 1, null),
    (246, 31, 12.00, 1, null),
    (247, 32, 50.00, 1, null),
    (248, 33, 10.00, 1, null),
    (249, 34, 40.00, 1, null),
    (250, 35, 30.00, 1, null),
    (251, 36, 15.00, 1, null),
    (252, 37, 80.00, 1, null),
    (253, 38, 25.00, 1, null),
    (254, 39, 45.00, 1, null),
    (255, 40, 20.00, 1, null),
    (256, 41, 5.00, 1, null),
    (257, 42, 25.00, 1, null),
    (258, 43, 20.00, 1, null),
    (259, 44, 10.00, 1, null),
    (260, 45, 15.00, 1, null);

INSERT INTO fornecedor (cnpj, nome, email)
values('12.345.678/0001-01', 'PharmaFornec Ltda', 'pharmafornec@example.com'),
    ('23.456.789/0001-02', 'Drogaria Suprimentos S.A.', 'drogariasuprimentos@example.com'),
    ('34.567.890/0001-03', 'MediCoop Distribuidora', 'medicoop@example.com'),
    ('45.678.901/0001-04', 'Farmácia Essencial', 'essencial@example.com'),
    ('56.789.012/0001-05', 'FarmaVida Produtos', 'farmavida@example.com'),
    ('67.890.123/0001-06', 'Distribuidora FarmaBem', 'farmabem@example.com'),
    ('78.901.234/0001-07', 'FarmaMundo Comércio', 'farmamundo@example.com'),
    ('89.012.345/0001-08', 'Farmácia Econômica', 'economica@example.com'),
    ('90.123.456/0001-09', 'PharmaLogistics', 'pharmalogistics@example.com'),
    ('01.234.567/0001-10', 'DrogaVale Distribuidora', 'drogavale@example.com'),
    ('02.345.678/0001-11', 'FarmaDistribuição Ltda', 'farmadistribuicao@example.com'),
    ('03.456.789/0001-12', 'Farmácia do Bem-Estar', 'bemestar@example.com'),
    ('04.567.890/0001-13', 'FarmaGenéricos S.A.', 'farmagenericos@example.com'),
    ('05.678.901/0001-14', 'MediFarma Produtos Médicos', 'medifarma@example.com'),
    ('06.789.012/0001-15', 'FarmaQualidade', 'farmaqualidade@example.com'),
    ('07.890.123/0001-16', 'Distribuidora SaúdeTotal', 'saude_total@example.com'),
    ('08.901.234/0001-17', 'Farmácia Vital', 'vital@example.com'),
    ('09.012.345/0001-18', 'PharmaSoluções', 'pharmasolucoes@example.com'),
    ('10.123.456/0001-19', 'DrogaAqui', 'drogaaqui@example.com'),
    ('11.234.567/0001-20', 'Farmácia do Bairro', 'dobairro@example.com'),
    ('12.345.678/0001-21', 'FarmaMais Distribuidora', 'farmamais@example.com'),
    ('13.456.789/0001-22', 'Distribuidora FarmaVale', 'farmavale@example.com'),
    ('14.567.890/0001-23', 'Farmácia União', 'uniao@example.com'),
    ('15.678.901/0001-24', 'FarmaLíder Comércio', 'farmalider@example.com'),
    ('16.789.012/0001-25', 'DrogaFácil', 'drogafacil@example.com'),
    ('17.890.123/0001-26', 'FarmaVip Distribuidora', 'farmavip@example.com'),
    ('18.901.234/0001-27', 'FarmaBarato', 'farmabarato@example.com'),
    ('19.012.345/0001-28', 'PharmaIdeal', 'pharmaideal@example.com'),
    ('20.123.456/0001-29', 'Distribuidora Saúde & Cia', 'saudeecia@example.com'),
    ('21.234.567/0001-30', 'FarmaPlus', 'farmaplus@example.com');

INSERT INTO compras(cupomFiscal, dataComp, dataVenc, dataPag, dataEntrega, desconto, valorFrete, fornecedor_cnpj)
values('CF202301', '2023-01-15', '2023-02-15', '2023-02-10', NULL, 2.50, 10.00, '12.345.678/0001-01'),
    ('CF202302', '2023-02-20', '2023-03-20', NULL, '2023-03-15', NULL, 5.00, '23.456.789/0001-02'),
    ('CF202303', '2023-03-10', '2023-04-10', '2023-04-05', NULL, 3.00, NULL, '34.567.890/0001-03'),
    ('CF202304', '2023-04-05', '2023-05-05', '2023-05-01', '2023-04-28', 1.75, 7.50, '45.678.901/0001-04'),
    ('CF202305', '2023-05-20', '2023-06-20', NULL, NULL, 4.00, NULL, '56.789.012/0001-05'),
    ('CF202306', '2023-06-15', '2023-07-15', NULL, NULL, NULL, NULL, '67.890.123/0001-06'),
    ('CF202307', '2023-07-10', '2023-08-10', '2023-08-05', '2023-08-01', NULL, 12.50, '78.901.234/0001-07'),
    ('CF202308', '2023-08-25', '2023-09-25', NULL, '2023-09-20', 2.25, 8.00, '89.012.345/0001-08'),
    ('CF202309', '2023-09-05', '2023-10-05', '2023-09-30', NULL, NULL, 6.00, '90.123.456/0001-09'),
    ('CF202310', '2023-10-10', '2023-11-10', '2023-11-05', '2023-11-01', 3.50, NULL, '01.234.567/0001-10'),
    ('CF202311', '2023-11-15', '2023-12-15', '2023-12-10', NULL, 2.00, 11.00, '02.345.678/0001-11'),
    ('CF202312', '2023-12-20', '2024-01-20', NULL, '2024-01-15', NULL, 4.50, '03.456.789/0001-12'),
    ('CF202313', '2024-01-10', '2024-02-10', '2024-02-05', NULL, 1.25, NULL, '04.567.890/0001-13'),
    ('CF202314', '2024-02-05', '2024-03-05', '2024-03-01', '2024-02-28', 2.75, 9.00, '05.678.901/0001-14'),
    ('CF202315', '2024-03-20', '2024-04-20', NULL, NULL, 5.00, NULL, '06.789.012/0001-15'),
    ('CF2022001', '2022-01-05', '2022-02-05', '2022-01-10', '2022-01-15', 1.50, 7.00, '01.234.567/0001-10'),
    ('CF2022002', '2022-01-10', '2022-02-10', '2022-01-15', '2022-01-20', 2.00, 5.50, '01.234.567/0001-10'),
    ('CF2022011', '2022-02-05', '2022-03-05', '2022-02-10', '2022-02-15', 1.75, 8.00, '02.345.678/0001-11'),
    ('CF2022012', '2022-02-10', '2022-03-10', '2022-02-15', '2022-02-20', 2.25, 6.50, '02.345.678/0001-11'),
    ('CF2022021', '2022-03-05', '2022-04-05', '2022-03-10', '2022-03-15', 2.50, 7.00, '03.456.789/0001-12'),
    ('CF2022022', '2022-03-10', '2022-04-10', '2022-03-15', '2022-03-20', 3.00, 6.00, '03.456.789/0001-12'),
    ('CF2022031', '2022-04-05', '2022-05-05', '2022-04-10', '2022-04-15', 1.25, 9.50, '04.567.890/0001-13'),
    ('CF2022032', '2022-04-10', '2022-05-10', '2022-04-15', '2022-04-20', 1.75, 8.50, '04.567.890/0001-13'),
    ('CF2022041', '2022-05-05', '2022-06-05', '2022-05-10', '2022-05-15', 2.75, 10.00, '05.678.901/0001-14'),
    ('CF2022042', '2022-05-10', '2022-06-10', '2022-05-15', '2022-05-20', 3.25, 9.00, '05.678.901/0001-14'),
    ('CF2022051', '2022-06-05', '2022-07-05', '2022-06-10', '2022-06-15', 1.00, 11.50, '06.789.012/0001-15'),
    ('CF2022052', '2022-06-10', '2022-07-10', '2022-06-15', '2022-06-20', 2.50, 10.00, '06.789.012/0001-15'),
    ('CF2022061', '2022-07-05', '2022-08-05', '2022-07-10', '2022-07-15', 2.00, 12.50, '07.890.123/0001-16'),
    ('CF2022062', '2022-07-10', '2022-08-10', '2022-07-15', '2022-07-20', 3.50, 11.00, '07.890.123/0001-16'),
    ('CF2022071', '2022-08-05', '2022-09-05', '2022-08-10', '2022-08-15', 3.00, 14.50, '08.901.234/0001-17'),
    ('CF2022072', '2022-08-10', '2022-09-10', '2022-08-15', '2022-08-20', 4.50, 13.00, '08.901.234/0001-17'),
    ('CF2022081', '2022-09-05', '2022-10-05', '2022-09-10', '2022-09-15', 1.50, 16.00, '09.012.345/0001-18'),
    ('CF2022082', '2022-09-10', '2022-10-10', '2022-09-15', '2022-09-20', 2.00, 15.00, '09.012.345/0001-18'),
    ('CF2022091', '2022-10-05', '2022-11-05', '2022-10-10', '2022-10-15', 2.50, 18.00, '10.123.456/0001-19'),
    ('CF2022092', '2022-10-10', '2022-11-10', '2022-10-15', '2022-10-20', 4.00, 17.50, '10.123.456/0001-19'),
    ('CF2022101', '2022-11-05', '2022-12-05', '2022-11-10', '2022-11-15', 3.00, 20.00, '11.234.567/0001-20'),
    ('CF2022102', '2022-11-10', '2022-12-10', '2022-11-15', '2022-11-20', 5.00, 19.50, '11.234.567/0001-20'),
    ('CF20220101', '2022-01-15', '2022-02-15', '2022-01-20', '2022-01-25', 1.00, 6.50, '12.345.678/0001-01'),
    ('CF20220102', '2022-01-20', '2022-02-20', '2022-01-25', '2022-01-30', 1.75, 5.00, '12.345.678/0001-01');
    
    
    INSERT INTO itenscompra (Produto_idProduto, Compras_idCompras, quantidade, valorComp)
    VALUES (29, 1, 50, 110.00),
    (30, 2, 10, 70.00),
    (31, 3, 8, 120.00),
    (32, 4, 5, 50.00),
    (33, 5, 7, 35.00),
    (34, 6, 3, 27.00),
    (35, 7, 15, 300.00),
    (36, 8, 20, 240.00),
    (37, 9, 12, 180.00),
    (38, 10, 8, 56.00),
    (39, 11, 4, 100.00),
    (40, 12, 6, 60.00),
    (42, 13, 10, 250.00),
    (43, 14, 8, 200.00),
    (1, 15, 15, 75.00),
    (2, 16, 20, 140.00),
    (3, 17, 5, 75.00),
    (4, 18, 12, 120.00),
    (5, 19, 6, 30.00),
    (6, 20, 10, 90.00),
    (7, 21, 8, 160.00),
    (8, 22, 4, 48.00),
    (1, 23, 15, 75.00),
    (2, 24, 20, 140.00),
    (3, 25, 5, 75.00),
    (4, 26, 12, 120.00),
    (5, 27, 6, 30.00),
    (6, 28, 10, 90.00),
    (7, 29, 8, 160.00),
    (8, 30, 4, 48.00),
    (66, 31, 5, 200.00),
    (67, 32, 10, 500.00),
    (68, 33, 8, 240.00),
    (69, 34, 5, 75.00),
    (70, 35, 7, 175.00),
    (71, 36, 3, 90.00),
    (72, 37, 15, 300.00),
    (73, 38, 20, 240.00),
    (74, 39, 12, 180.00);

INSERT INTO despesa (nome, valor, dataVenc, dataPag, juros, Compras_idCompras)
values('Aluguel da Farmácia', 1500.00, '2022-01-10', '2022-01-10', 0, null),
    ('Energia Elétrica', 500.00, '2022-01-15', '2022-01-15', 0, null),
    ('Água e Esgoto', 200.00, '2022-01-15', '2022-01-15', 0, null),
    ('Manutenção de Equipamentos', 600.00, '2022-02-10', '2022-02-10', 0, null),
    ('Impostos', 1200.00, '2022-02-20', '2022-02-20', 0, null),
    ('Compra medicamento', 110.00, '2023-02-15', '2023-02-10', 0, 1),
     ('Compra medicamento', 70.00, '2023-02-20', null, 0, 2),
     ('Compra medicamento', 120,'2023-04-10', '2023-04-05', 0,3),
     ('Compra medicamento', 50.00,'2023-05-05', '2023-05-01', 0,4),
     ('Compra medicamento', 35.00,'2023-06-20', null, 0,5),
     ('Compra medicamento', 27.00,'2023-07-15', null, 0,6),
     ('Compra medicamento', 240.00,'2023-09-25', null, 0,8),
     ('Compra medicamento', 60.00,'2024-01-20', null, 0,12),
     ('Compra medicamento', 75.00,'2024-04-20', null, 0,15);
     
INSERT INTO telefone (numero, Funcionario_cpf, Departamento_idDepartamento, Fornecedor_cnpj)
values ('(81) 98765-4329', '000.111.222-33', null, null),
    ('(81) 94567-8901', '111.222.333-44', null, null),
    ('(81) 91234-5678', '123.456.789-01', null, null),
    ('(81) 92345-6789', '123.456.789-02', null, null),
    ('(81) 93456-7890', '123.456.789-03', null, null),
    ('(81) 94567-8921', '123.456.789-04', null, null),
    ('(81) 95678-9012', '214.234.284-23', null, null),
    ('(81) 96789-0123', '222.333.444-55', null, null),
    ('(81) 97890-1234', '251.547.698-01', null, null),
    ('(81) 98901-2345', '333.444.555-66', null, null),
    ('(81) 99012-3456', '444.555.666-77', null, null),
    ('(81) 99945-6789', null, '1', null),
    ('(81) 3456-7890', null, '2', null),
    ('(81) 4567-8901', null, '3', null),
    ('(81) 5678-9012', null, '4', null),
    ('(81) 6789-0123', null, '5', null),
    ('(81) 9590-1234', null, '6', null),
    ('(81) 98765-4321', null, '1', null),
    ('(81) 90654-3210', null, '2', null),
    ('(81) 97543-2109', null, '3', null),
    ('(81) 96432-1098', null, '4', null),
    ('(81) 95321-0987', null, '5', null),
    ('(81) 93210-9876', null, '6', null),
    ('(81) 98765-4355', null, null, '01.234.567/0001-10'),
    ('(81) 97654-3210', null, null, '02.345.678/0001-11'),
    ('(81) 98543-2109', null, null, '03.456.789/0001-12'),
    ('(81) 99432-1098', null, null, '04.567.890/0001-13'),
    ('(81) 97321-0987', null, null, '05.678.901/0001-14'),
    ('(81) 99210-9876', null, null, '06.789.012/0001-15'),
    ('(81) 98234-5678', null, null, '07.890.123/0001-16'),
    ('(81) 99645-6789', null, null, '08.901.234/0001-17'),
    ('(81) 99956-7890', null, null, '09.012.345/0001-18'),
    ('(81) 64567-8901', null, null, '10.123.456/0001-19');